Toyota,Camry,2000,White,4,-1
Toyota,Camry,1999,Blue,4,-1
Toyota,Camry,2008,Silver,4,-1
Toyota,Camry,2014,Silver,4,-1
Toyota,Camry,2013,Brown,4,-1
Toyota,Camry,2014,Red,4,-1
Toyota,Camry,2016,Yellow,4,-1
Toyota,Camry,2003,Yellow,4,-1
Toyota,Camry,2016,Brown,4,-1
Toyota,Camry,2017,Black,4,-1
Toyota,Camry,2005,Green,4,-1
Toyota,Camry,2011,Red,4,-1
Toyota,Camry,2005,Silver,4,-1
Toyota,Camry,2008,Yellow,4,-1
Toyota,Camry,2000,Yellow,4,-1
Toyota,Camry,2008,Red,4,-1
Toyota,Camry,2014,Black,4,-1
Toyota,Camry,2014,White,4,-1
Toyota,Camry,2001,Gray,4,-1
Toyota,Camry,2005,Red,4,-1
Toyota,Camry,2017,Gray,4,-1
Toyota,Camry,2009,Black,4,-1
Toyota,Camry,1999,Blue,4,-1
Toyota,Camry,2007,Blue,4,-1
Toyota,Camry,2009,Yellow,4,-1
Toyota,Camry,2016,Green,4,-1
Toyota,Camry,2013,Red,4,-1
Toyota,Camry,2009,Green,4,-1
Toyota,Camry,2004,Red,4,-1
Toyota,Camry,1999,Yellow,4,-1
Toyota,Camry,2003,Blue,4,-1
Toyota,Camry,2013,Green,4,-1
Toyota,Camry,2005,Red,4,-1
Toyota,Camry,2001,Blue,4,-1
Toyota,Camry,2012,Blue,4,-1
Toyota,Camry,2008,White,4,-1
Toyota,Camry,2000,Gray,4,-1
Toyota,Camry,2005,Blue,4,-1
Toyota,Camry,2017,Gray,4,-1
Toyota,Camry,2002,Gray,4,-1
Toyota,Camry,2010,Gray,4,-1
Toyota,Camry,2008,Yellow,4,-1
Toyota,Camry,2003,Black,4,-1
Toyota,Camry,2000,Blue,4,-1
Toyota,Camry,2005,Red,4,-1
Toyota,Camry,2000,Yellow,4,-1
Toyota,Camry,2007,Green,4,-1
Toyota,Camry,2000,White,4,-1
Toyota,Camry,2011,Yellow,4,-1
Toyota,Camry,2010,Red,4,-1
Toyota,Camry,2009,Silver,4,-1
Toyota,Camry,2006,White,4,-1
Toyota,Camry,2013,Blue,4,-1
Toyota,Camry,2008,White,4,-1
Toyota,Camry,2017,Yellow,4,-1
Toyota,Camry,2017,Green,4,-1
Toyota,Camry,2012,Red,4,-1
Toyota,Camry,2009,Yellow,4,-1
Toyota,Camry,2001,Black,4,-1
Toyota,Camry,2009,Silver,4,-1
Toyota,Camry,2006,Red,4,-1
Toyota,Camry,2016,Gray,4,-1
Toyota,Camry,2016,Blue,4,-1
Toyota,Camry,2011,Brown,4,-1
Toyota,Camry,2009,Black,4,-1
Toyota,Camry,2008,Yellow,4,-1
Toyota,Camry,2002,Blue,4,-1
Toyota,Camry,2007,Gray,4,-1
Toyota,Camry,2008,Yellow,4,-1
Toyota,Camry,2001,Brown,4,-1
Toyota,Camry,2002,Red,4,-1
Toyota,Camry,2012,Black,4,-1
Toyota,Camry,2006,Gray,4,-1
Toyota,Camry,2014,Yellow,4,-1
Toyota,Camry,2005,Brown,4,-1
Toyota,Camry,2007,Yellow,4,-1
Toyota,Camry,2010,Brown,4,-1
Toyota,Camry,2008,White,4,-1
Toyota,Camry,2006,Blue,4,-1
Toyota,Camry,1999,White,4,-1
Toyota,Camry,2000,White,4,-1
Toyota,Camry,2008,Green,4,-1
Toyota,Camry,2002,White,4,-1
Toyota,Camry,2001,Gray,4,-1
Toyota,Camry,2016,Gray,4,-1
Toyota,Camry,2013,Gray,4,-1
Toyota,Camry,2003,Red,4,-1
Toyota,Camry,2012,Brown,4,-1
Toyota,Camry,2008,Silver,4,-1
Toyota,Camry,2014,Silver,4,-1
Toyota,Camry,2015,Yellow,4,-1
Toyota,Camry,1999,Blue,4,-1
Toyota,Camry,2000,Blue,4,-1
Toyota,Camry,2013,Green,4,-1
Toyota,Camry,2000,Green,4,-1
Toyota,Camry,2004,Black,4,-1
Toyota,Camry,2001,White,4,-1
Toyota,Camry,2015,Silver,4,-1
Toyota,Camry,2011,Gray,4,-1
Toyota,Camry,2012,Yellow,4,-1
Toyota,Camry,2011,Brown,4,-1
Toyota,Camry,1999,Silver,4,-1
Toyota,Camry,2010,Brown,4,-1
Toyota,Camry,2013,Blue,4,-1
Toyota,Camry,2017,White,4,-1
Toyota,Camry,1999,Brown,4,-1
Toyota,Camry,2015,Yellow,4,-1
Toyota,Camry,2002,Silver,4,-1
Toyota,Camry,2014,White,4,-1
Toyota,Camry,1999,Gray,4,-1
Toyota,Camry,1999,Green,4,-1
Toyota,Camry,2012,Yellow,4,-1
Toyota,Camry,2006,Yellow,4,-1
Toyota,Camry,2016,Green,4,-1
Toyota,Camry,2003,Silver,4,-1
Toyota,Camry,2003,Red,4,-1
Toyota,Camry,2004,Red,4,-1
Toyota,Camry,2004,White,4,-1
Toyota,Camry,2011,White,4,-1
Toyota,Camry,2012,Yellow,4,-1
Toyota,Camry,2005,Gray,4,-1
Toyota,Camry,2004,Brown,4,-1
Toyota,Camry,2015,Silver,4,-1
Toyota,Camry,2009,Yellow,4,-1
Toyota,Camry,2014,Green,4,-1
Toyota,Camry,2008,White,4,-1
Toyota,Camry,2011,Yellow,4,-1
Toyota,Camry,2002,Yellow,4,-1
Toyota,Camry,2006,Blue,4,-1
Toyota,Camry,1999,Green,4,-1
Toyota,Camry,2016,Silver,4,-1
Toyota,Camry,2007,Brown,4,-1
Toyota,Camry,2014,Black,4,-1
Toyota,Camry,2005,Green,4,-1
Toyota,Camry,2001,Blue,4,-1
Toyota,Camry,2010,Silver,4,-1
Toyota,Camry,2015,Brown,4,-1
Toyota,Camry,2008,Gray,4,-1
Toyota,Camry,2015,Gray,4,-1
Toyota,Camry,2007,Red,4,-1
Toyota,Camry,2016,Brown,4,-1
Toyota,Camry,2012,Gray,4,-1
Toyota,Camry,2006,White,4,-1
Toyota,Camry,2014,Blue,4,-1
Toyota,Camry,2006,Gray,4,-1
Toyota,Camry,2011,Blue,4,-1
Toyota,Camry,2002,Yellow,4,-1
Toyota,Camry,2012,Black,4,-1
Toyota,Camry,1999,Blue,4,-1
Toyota,Camry,2000,Green,4,-1
Toyota,Camry,2011,Green,4,-1
Toyota,Camry,2007,Yellow,4,-1
Toyota,Camry,2005,Black,4,-1
Toyota,Camry,2008,Yellow,4,-1
Toyota,Camry,2008,Gray,4,-1
Toyota,Camry,2000,Yellow,4,-1
Toyota,Camry,2016,White,4,-1
Toyota,Camry,2016,White,4,-1
Toyota,Camry,2014,White,4,-1
Toyota,Camry,2003,Black,4,-1
Toyota,Camry,2015,Brown,4,-1
Toyota,Camry,2017,Gray,4,-1
Toyota,Camry,2014,White,4,-1
Toyota,Camry,2011,Red,4,-1
Toyota,Camry,2008,Green,4,-1
Toyota,Camry,2001,Brown,4,-1
Toyota,Camry,2012,Yellow,4,-1
Toyota,Camry,2001,Yellow,4,-1
Toyota,Camry,2007,Brown,4,-1
Toyota,Camry,2016,Brown,4,-1
Toyota,Camry,2005,Brown,4,-1
Toyota,Camry,2017,Silver,4,-1
Toyota,Camry,2002,Blue,4,-1
Toyota,Camry,2004,Brown,4,-1
Toyota,Camry,2011,Brown,4,-1
Toyota,Camry,2000,Blue,4,-1
Toyota,Camry,2010,Yellow,4,-1
Toyota,Camry,2007,Black,4,-1
Toyota,Camry,2016,White,4,-1
Toyota,Camry,2009,Red,4,-1
Toyota,Camry,2004,Green,4,-1
Toyota,Camry,2007,Yellow,4,-1
Toyota,Camry,2010,Blue,4,-1
Toyota,Camry,2005,Silver,4,-1
Toyota,Camry,2001,Black,4,-1
Toyota,Camry,2017,Brown,4,-1
Toyota,Camry,2009,White,4,-1
Toyota,Camry,2003,White,4,-1
Toyota,Camry,2014,Brown,4,-1
Toyota,Camry,2002,Blue,4,-1
Toyota,Camry,2000,Red,4,-1
Toyota,Camry,2016,Yellow,4,-1
Toyota,Camry,2006,Gray,4,-1
Toyota,Camry,2013,Green,4,-1
Toyota,Camry,2000,Gray,4,-1
Toyota,Camry,2017,Green,4,-1
Toyota,Camry,2009,Yellow,4,-1
Toyota,Camry,2017,Green,4,-1
Toyota,Camry,2002,Red,4,-1
Toyota,Camry,2008,Yellow,4,-1
Toyota,Camry,2006,Gray,4,-1
Toyota,Camry,2002,Brown,4,-1
Toyota,Camry,2011,Red,4,-1
Toyota,Camry,2003,White,4,-1
Toyota,Camry,2017,Yellow,4,-1
Toyota,Camry,2011,Silver,4,-1
Toyota,Camry,2002,Silver,4,-1
Toyota,Camry,2002,Green,4,-1
Toyota,Camry,2017,Gray,4,-1
Toyota,Camry,2002,Green,4,-1
Toyota,Camry,2010,Yellow,4,-1
Toyota,Camry,2000,Brown,4,-1
Toyota,Camry,2010,Silver,4,-1
Toyota,Camry,2017,Green,4,-1
Toyota,Camry,2008,Yellow,4,-1
Toyota,Camry,2013,Gray,4,-1
Toyota,Camry,2007,Brown,4,-1
Toyota,Camry,2012,Blue,4,-1
Toyota,Camry,2002,Blue,4,-1
Toyota,Camry,2009,Black,4,-1
Toyota,Camry,2015,Blue,4,-1
Toyota,Camry,2007,Brown,4,-1
Toyota,Camry,2005,Blue,4,-1
Toyota,Camry,2011,Green,4,-1
Toyota,Camry,2013,Yellow,4,-1
Toyota,Camry,2006,Green,4,-1
Toyota,Camry,2001,Gray,4,-1
Toyota,Camry,2001,Black,4,-1
Toyota,Camry,2016,Yellow,4,-1
Toyota,Camry,2008,Silver,4,-1
Toyota,Camry,2003,Blue,4,-1
Toyota,Camry,2016,Green,4,-1
Toyota,Camry,2008,Green,4,-1
Toyota,Camry,2004,Red,4,-1
Toyota,Camry,2012,Black,4,-1
Toyota,Camry,2005,Yellow,4,-1
Toyota,Camry,2004,Gray,4,-1
Toyota,Camry,2017,White,4,-1
Toyota,Camry,2007,White,4,-1
Toyota,Camry,2007,Brown,4,-1
Toyota,Camry,2016,Brown,4,-1
Toyota,Camry,2013,Brown,4,-1
Toyota,Camry,2017,Silver,4,-1
Toyota,Camry,2007,Red,4,-1
Toyota,Camry,2004,Yellow,4,-1
Toyota,Camry,2017,White,4,-1
Toyota,Camry,2015,Yellow,4,-1
Toyota,Camry,2013,White,4,-1
Toyota,Camry,2003,Black,4,-1
Toyota,Camry,2004,Silver,4,-1
Toyota,Camry,2014,Silver,4,-1
Toyota,Camry,2001,Red,4,-1
Toyota,Camry,2010,Black,4,-1
Toyota,Camry,2012,Red,4,-1
Toyota,Camry,2001,Green,4,-1
Toyota,Camry,2008,Red,4,-1
Toyota,Camry,2005,Black,4,-1
Toyota,Camry,2014,Red,4,-1
Toyota,Camry,2005,Red,4,-1
Toyota,Camry,2012,Green,4,-1
Toyota,Camry,2007,Brown,4,-1
Toyota,Camry,2003,Brown,4,-1
Toyota,Camry,2017,Brown,4,-1
Toyota,Camry,2010,Gray,4,-1
Toyota,Camry,2014,Yellow,4,-1
Toyota,Camry,1999,Red,4,-1
Toyota,Camry,2002,Brown,4,-1
Toyota,Camry,2003,Silver,4,-1
Toyota,Camry,2000,Blue,4,-1
Toyota,Camry,2007,Silver,4,-1
Toyota,Camry,2001,Blue,4,-1
Toyota,Camry,2012,Yellow,4,-1
Toyota,Camry,2003,Yellow,4,-1
Toyota,Camry,2005,Blue,4,-1
Toyota,Camry,2012,Brown,4,-1
Toyota,Camry,2011,Black,4,-1
Toyota,Camry,2009,Silver,4,-1
Toyota,Camry,2013,Red,4,-1
Toyota,Camry,2000,Silver,4,-1
Toyota,Camry,2013,Brown,4,-1
Toyota,Camry,2015,Yellow,4,-1
Toyota,Camry,2003,Red,4,-1
Toyota,Camry,2000,Yellow,4,-1
Toyota,Camry,2007,Black,4,-1
Toyota,Camry,2004,Yellow,4,-1
Toyota,Camry,2012,Green,4,-1
Toyota,Camry,2004,Gray,4,-1
Toyota,Camry,2014,Gray,4,-1
Toyota,Camry,2015,Green,4,-1
Toyota,Camry,2006,Red,4,-1
Toyota,Camry,2011,Silver,4,-1
Toyota,Camry,2014,Gray,4,-1
Toyota,Camry,2016,Brown,4,-1
Toyota,Camry,2000,Black,4,-1
Toyota,Camry,2006,Green,4,-1
Toyota,Camry,2016,Green,4,-1
Toyota,Camry,2014,Red,4,-1
Toyota,Camry,2012,White,4,-1
Toyota,Camry,2003,Silver,4,-1
Toyota,Camry,2011,Green,4,-1
Toyota,Camry,2015,White,4,-1
Toyota,Camry,2009,Yellow,4,-1
Toyota,Camry,2006,Silver,4,-1
Toyota,Camry,2017,Gray,4,-1
Toyota,Camry,2004,Silver,4,-1
Toyota,Camry,2004,White,4,-1
Toyota,Camry,2006,White,4,-1
Toyota,Camry,2006,White,4,-1
Toyota,Camry,2010,Green,4,-1
Toyota,Camry,2001,Yellow,4,-1
Toyota,Camry,2006,Gray,4,-1
Toyota,Camry,2005,Red,4,-1
Toyota,Camry,2012,Blue,4,-1
Toyota,Camry,2005,Gray,4,-1
Toyota,Camry,2011,Black,4,-1
Toyota,Camry,2003,Blue,4,-1
Toyota,Camry,2015,Brown,4,-1
Toyota,Camry,2000,Yellow,4,-1
Toyota,Camry,2006,Silver,4,-1
Toyota,Camry,2000,Silver,4,-1
Toyota,Camry,2012,Green,4,-1
Toyota,Camry,2000,White,4,-1
Toyota,Camry,2009,Gray,4,-1
Toyota,Camry,2015,Green,4,-1
Toyota,Camry,2006,Red,4,-1
Toyota,Camry,2001,Red,4,-1
Toyota,Camry,2003,Green,4,-1
Toyota,Camry,2001,Gray,4,-1
Toyota,Camry,2011,White,4,-1
Toyota,Camry,2016,Gray,4,-1
Toyota,Camry,2002,Blue,4,-1
Toyota,Camry,2016,Gray,4,-1
Toyota,Corolla,2015,Silver,4,-1
Toyota,Corolla,2017,Gray,4,-1
Toyota,Corolla,2015,Black,4,-1
Toyota,Corolla,1999,Silver,4,-1
Toyota,Corolla,2015,Silver,4,-1
Toyota,Corolla,2011,Blue,4,-1
Toyota,Corolla,2007,Green,4,-1
Toyota,Corolla,2015,Black,4,-1
Toyota,Corolla,2015,Red,4,-1
Toyota,Corolla,2006,Gray,4,-1
Toyota,Corolla,2015,Gray,4,-1
Toyota,Corolla,2004,Green,4,-1
Toyota,Corolla,2011,Green,4,-1
Toyota,Corolla,2006,Green,4,-1
Toyota,Corolla,2017,Green,4,-1
Toyota,Corolla,2005,White,4,-1
Toyota,Corolla,1999,White,4,-1
Toyota,Corolla,2001,Brown,4,-1
Toyota,Corolla,2016,Black,4,-1
Toyota,Corolla,2010,Green,4,-1
Toyota,Corolla,2014,Silver,4,-1
Toyota,Corolla,2002,Blue,4,-1
Toyota,Corolla,2014,Silver,4,-1
Toyota,Corolla,2008,Brown,4,-1
Toyota,Corolla,2001,Green,4,-1
Toyota,Corolla,2017,Red,4,-1
Toyota,Corolla,2003,Red,4,-1
Toyota,Corolla,2009,Black,4,-1
Toyota,Corolla,2008,Black,4,-1
Toyota,Corolla,2007,Red,4,-1
Toyota,Corolla,2011,White,4,-1
Toyota,Corolla,2001,White,4,-1
Toyota,Corolla,2008,White,4,-1
Toyota,Corolla,2000,Yellow,4,-1
Toyota,Corolla,2007,Brown,4,-1
Toyota,Corolla,2006,Black,4,-1
Toyota,Corolla,2000,Blue,4,-1
Toyota,Corolla,1999,Brown,4,-1
Toyota,Corolla,2013,White,4,-1
Toyota,Corolla,2002,Brown,4,-1
Toyota,Corolla,2000,Green,4,-1
Toyota,Corolla,2007,Brown,4,-1
Toyota,Corolla,2003,Blue,4,-1
Toyota,Corolla,1999,Brown,4,-1
Toyota,Corolla,2009,Red,4,-1
Toyota,Corolla,2002,Black,4,-1
Toyota,Corolla,2015,Green,4,-1
Toyota,Corolla,2007,Yellow,4,-1
Toyota,Corolla,2000,Red,4,-1
Toyota,Corolla,2000,Silver,4,-1
Toyota,Corolla,2007,Yellow,4,-1
Toyota,Corolla,2002,Red,4,-1
Toyota,Corolla,2016,Gray,4,-1
Toyota,Corolla,2015,Green,4,-1
Toyota,Corolla,2015,Brown,4,-1
Toyota,Corolla,2014,White,4,-1
Toyota,Corolla,2008,Blue,4,-1
Toyota,Corolla,2015,Silver,4,-1
Toyota,Corolla,2013,Blue,4,-1
Toyota,Corolla,2014,Yellow,4,-1
Toyota,Corolla,2007,Blue,4,-1
Toyota,Corolla,2000,Black,4,-1
Toyota,Corolla,2012,Silver,4,-1
Toyota,Corolla,2009,Blue,4,-1
Toyota,Corolla,2001,Black,4,-1
Toyota,Corolla,2006,Black,4,-1
Toyota,Corolla,1999,Yellow,4,-1
Toyota,Corolla,2006,Red,4,-1
Toyota,Corolla,2015,Green,4,-1
Toyota,Corolla,2013,Green,4,-1
Toyota,Corolla,2012,White,4,-1
Toyota,Corolla,2004,Green,4,-1
Toyota,Corolla,2007,Brown,4,-1
Toyota,Corolla,2004,Brown,4,-1
Toyota,Corolla,2012,Yellow,4,-1
Toyota,Corolla,2003,Brown,4,-1
Toyota,Corolla,2001,Gray,4,-1
Toyota,Corolla,2009,Yellow,4,-1
Toyota,Corolla,2011,Blue,4,-1
Toyota,Corolla,1999,Brown,4,-1
Toyota,Corolla,2003,Black,4,-1
Toyota,Corolla,2014,Black,4,-1
Toyota,Corolla,2002,Red,4,-1
Toyota,Corolla,2002,Brown,4,-1
Toyota,Corolla,1999,Blue,4,-1
Toyota,Corolla,2001,Green,4,-1
Toyota,Corolla,2009,Brown,4,-1
Toyota,Corolla,2005,Silver,4,-1
Toyota,Corolla,2000,Brown,4,-1
Toyota,Corolla,2012,Green,4,-1
Toyota,Corolla,2017,Blue,4,-1
Toyota,Corolla,2016,Blue,4,-1
Toyota,Corolla,2012,White,4,-1
Toyota,Corolla,2007,Red,4,-1
Toyota,Corolla,2002,Gray,4,-1
Toyota,Corolla,2002,Black,4,-1
Toyota,Corolla,2012,White,4,-1
Toyota,Corolla,2008,Gray,4,-1
Toyota,Corolla,2011,Yellow,4,-1
Toyota,Corolla,2008,Yellow,4,-1
Toyota,Corolla,2007,Silver,4,-1
Toyota,Corolla,2015,Black,4,-1
Toyota,Corolla,2012,Silver,4,-1
Toyota,Corolla,2008,Yellow,4,-1
Toyota,Corolla,2010,Gray,4,-1
Toyota,Corolla,2014,Blue,4,-1
Toyota,Corolla,2004,Red,4,-1
Toyota,Corolla,2013,Green,4,-1
Toyota,Corolla,2002,White,4,-1
Toyota,Corolla,2002,Brown,4,-1
Toyota,Corolla,2003,Yellow,4,-1
Toyota,Corolla,2008,Yellow,4,-1
Toyota,Corolla,2002,Brown,4,-1
Toyota,Corolla,2006,Silver,4,-1
Toyota,Corolla,1999,Silver,4,-1
Toyota,Corolla,2013,White,4,-1
Toyota,Corolla,2000,White,4,-1
Toyota,Corolla,2011,Gray,4,-1
Toyota,Corolla,2006,Yellow,4,-1
Toyota,Corolla,2002,Yellow,4,-1
Toyota,Corolla,2014,Black,4,-1
Toyota,Corolla,2014,Gray,4,-1
Toyota,Corolla,2011,Black,4,-1
Toyota,Corolla,2000,Silver,4,-1
Toyota,Corolla,2014,Yellow,4,-1
Toyota,Corolla,2001,Yellow,4,-1
Toyota,Corolla,2008,Blue,4,-1
Toyota,Corolla,2001,Silver,4,-1
Toyota,Corolla,2005,Red,4,-1
Toyota,Corolla,2015,Black,4,-1
Toyota,Corolla,2000,Green,4,-1
Toyota,Corolla,2016,White,4,-1
Toyota,Corolla,2002,Brown,4,-1
Toyota,Corolla,2005,Blue,4,-1
Toyota,Corolla,2015,Blue,4,-1
Toyota,Corolla,2011,Green,4,-1
Toyota,Corolla,2001,Blue,4,-1
Toyota,Corolla,2001,Black,4,-1
Toyota,Corolla,2001,Green,4,-1
Toyota,Corolla,2015,Brown,4,-1
Toyota,Corolla,2014,Black,4,-1
Toyota,Corolla,2013,Silver,4,-1
Toyota,Corolla,2011,Blue,4,-1
Toyota,Corolla,2002,Blue,4,-1
Toyota,Corolla,2001,Red,4,-1
Toyota,Corolla,2008,Silver,4,-1
Toyota,Corolla,2014,Gray,4,-1
Toyota,Corolla,2001,Silver,4,-1
Toyota,Corolla,2012,Red,4,-1
Toyota,Corolla,2001,Silver,4,-1
Toyota,Corolla,2000,Blue,4,-1
Toyota,Corolla,2015,Blue,4,-1
Toyota,Corolla,2003,Silver,4,-1
Toyota,Corolla,2008,Blue,4,-1
Toyota,Corolla,2016,Silver,4,-1
Toyota,Corolla,2005,Silver,4,-1
Toyota,Corolla,2013,Gray,4,-1
Toyota,Corolla,2000,Green,4,-1
Toyota,Corolla,2007,White,4,-1
Toyota,Corolla,2008,Yellow,4,-1
Toyota,Corolla,2013,Green,4,-1
Toyota,Corolla,2017,Red,4,-1
Toyota,Corolla,2007,Gray,4,-1
Toyota,Corolla,2002,Brown,4,-1
Toyota,Corolla,2008,Black,4,-1
Toyota,Corolla,2017,Red,4,-1
Toyota,Corolla,2006,Blue,4,-1
Toyota,Corolla,2008,Silver,4,-1
Toyota,Corolla,2011,Green,4,-1
Toyota,Corolla,2010,Blue,4,-1
Toyota,Corolla,2003,Black,4,-1
Toyota,Corolla,2013,Red,4,-1
Toyota,Corolla,2008,Gray,4,-1
Toyota,Corolla,2012,Blue,4,-1
Toyota,Corolla,2008,Silver,4,-1
Toyota,Corolla,2015,Red,4,-1
Toyota,Corolla,2000,Green,4,-1
Toyota,Corolla,2013,Red,4,-1
Toyota,Corolla,2001,Black,4,-1
Toyota,Corolla,2001,Red,4,-1
Toyota,Corolla,2001,Yellow,4,-1
Toyota,Corolla,1999,White,4,-1
Toyota,Corolla,2012,Blue,4,-1
Toyota,Corolla,2009,Blue,4,-1
Toyota,Corolla,2006,White,4,-1
Toyota,Corolla,2016,Blue,4,-1
Toyota,Corolla,2013,Blue,4,-1
Toyota,Corolla,2006,Black,4,-1
Toyota,Corolla,2015,Green,4,-1
Toyota,Corolla,2008,Red,4,-1
Toyota,Corolla,2012,Green,4,-1
Toyota,Corolla,2011,Green,4,-1
Toyota,Corolla,2013,Gray,4,-1
Toyota,Corolla,2010,Black,4,-1
Toyota,Corolla,1999,Gray,4,-1
Toyota,Corolla,2006,Yellow,4,-1
Toyota,Corolla,2001,Yellow,4,-1
Toyota,Corolla,2012,Blue,4,-1
Toyota,Corolla,2010,Yellow,4,-1
Toyota,Corolla,2013,White,4,-1
Toyota,Corolla,2009,Silver,4,-1
Toyota,Corolla,2013,Yellow,4,-1
Toyota,Corolla,2014,Brown,4,-1
Toyota,Corolla,1999,Black,4,-1
Toyota,Corolla,2002,Red,4,-1
Toyota,Corolla,2008,Brown,4,-1
Toyota,Corolla,2008,Gray,4,-1
Toyota,Corolla,2013,Silver,4,-1
Toyota,Corolla,2001,Gray,4,-1
Toyota,Corolla,1999,Brown,4,-1
Toyota,Corolla,2016,White,4,-1
Toyota,Corolla,2006,Black,4,-1
Toyota,Corolla,1999,White,4,-1
Toyota,Corolla,2015,Red,4,-1
Toyota,Corolla,2004,Silver,4,-1
Toyota,Corolla,2010,Blue,4,-1
Toyota,Corolla,2000,Red,4,-1
Toyota,Corolla,2004,Blue,4,-1
Toyota,Corolla,2013,Brown,4,-1
Toyota,Corolla,2014,Black,4,-1
Toyota,Corolla,2001,Green,4,-1
Toyota,Corolla,2009,White,4,-1
Toyota,Corolla,1999,White,4,-1
Toyota,Corolla,2001,White,4,-1
Toyota,Corolla,2014,Gray,4,-1
Toyota,Corolla,2007,Blue,4,-1
Toyota,Corolla,2004,Yellow,4,-1
Toyota,Corolla,2016,Yellow,4,-1
Toyota,Corolla,2012,Green,4,-1
Toyota,Corolla,2007,Yellow,4,-1
Toyota,Corolla,2006,White,4,-1
Toyota,Corolla,2000,Red,4,-1
Toyota,Corolla,1999,Black,4,-1
Toyota,Corolla,2002,Green,4,-1
Toyota,Corolla,2007,White,4,-1
Toyota,Corolla,2017,White,4,-1
Toyota,Corolla,2000,Silver,4,-1
Toyota,Corolla,2009,White,4,-1
Toyota,Corolla,2013,Brown,4,-1
Toyota,Corolla,2003,White,4,-1
Toyota,Corolla,2013,Black,4,-1
Toyota,Corolla,2000,Silver,4,-1
Toyota,Corolla,2008,Yellow,4,-1
Toyota,Corolla,2006,Silver,4,-1
Toyota,Corolla,2007,Gray,4,-1
Toyota,Corolla,2005,Black,4,-1
Toyota,Corolla,2012,Gray,4,-1
Toyota,Corolla,2012,Yellow,4,-1
Toyota,Corolla,2013,Blue,4,-1
Toyota,Corolla,2013,Red,4,-1
Toyota,Corolla,2006,Blue,4,-1
Toyota,Corolla,2005,Yellow,4,-1
Toyota,Corolla,2016,Black,4,-1
Toyota,Corolla,2011,Silver,4,-1
Toyota,Corolla,2002,Yellow,4,-1
Toyota,Corolla,2003,Black,4,-1
Toyota,Corolla,2009,Silver,4,-1
Toyota,Corolla,2007,Green,4,-1
Toyota,Corolla,2009,Yellow,4,-1
Toyota,Corolla,2008,Yellow,4,-1
Toyota,Avalon,1999,Red,4,-1
Toyota,Avalon,2012,Brown,4,-1
Toyota,Avalon,2005,Black,4,-1
Toyota,Avalon,2005,Gray,4,-1
Toyota,Avalon,2017,Gray,4,-1
Toyota,Avalon,2009,Green,4,-1
Toyota,Avalon,2011,White,4,-1
Toyota,Avalon,1999,White,4,-1
Toyota,Avalon,2004,Yellow,4,-1
Toyota,Avalon,2007,Red,4,-1
Toyota,Avalon,2000,Blue,4,-1
Toyota,Avalon,2005,Green,4,-1
Toyota,Avalon,2016,Green,4,-1
Toyota,Avalon,2009,Gray,4,-1
Toyota,Avalon,2012,Yellow,4,-1
Toyota,Avalon,2017,Blue,4,-1
Toyota,Avalon,2002,Red,4,-1
Toyota,Avalon,2010,Yellow,4,-1
Toyota,Avalon,2004,White,4,-1
Toyota,Avalon,2009,Blue,4,-1
Toyota,Avalon,2017,Gray,4,-1
Toyota,Avalon,2014,Yellow,4,-1
Toyota,Avalon,2011,Blue,4,-1
Toyota,Avalon,2009,Brown,4,-1
Toyota,Avalon,2007,White,4,-1
Toyota,Avalon,2007,Black,4,-1
Toyota,Avalon,2006,Yellow,4,-1
Toyota,Avalon,1999,Yellow,4,-1
Toyota,Avalon,2014,Yellow,4,-1
Toyota,Avalon,2007,Red,4,-1
Toyota,Avalon,2000,Red,4,-1
Toyota,Avalon,2003,Silver,4,-1
Toyota,Avalon,2000,Gray,4,-1
Toyota,Avalon,2004,Black,4,-1
Toyota,Avalon,2007,Black,4,-1
Toyota,Avalon,2010,Brown,4,-1
Toyota,Avalon,2002,Gray,4,-1
Toyota,Avalon,2002,Gray,4,-1
Toyota,Avalon,2005,Red,4,-1
Toyota,Avalon,2003,Green,4,-1
Toyota,Avalon,1999,Silver,4,-1
Toyota,Avalon,2014,Brown,4,-1
Toyota,Avalon,2003,Blue,4,-1
Toyota,Avalon,2011,White,4,-1
Toyota,Avalon,2016,Yellow,4,-1
Toyota,Avalon,2007,Yellow,4,-1
Toyota,Avalon,2001,Red,4,-1
Toyota,Avalon,2009,Black,4,-1
Toyota,Avalon,2006,Black,4,-1
Toyota,Avalon,2010,Green,4,-1
Toyota,Avalon,2007,Silver,4,-1
Toyota,Avalon,2000,Black,4,-1
Toyota,Avalon,2008,Black,4,-1
Toyota,Avalon,2005,Brown,4,-1
Toyota,Avalon,2014,Yellow,4,-1
Toyota,Avalon,2001,Gray,4,-1
Toyota,Avalon,2008,Green,4,-1
Toyota,Avalon,2011,Red,4,-1
Toyota,Avalon,2007,Yellow,4,-1
Toyota,Avalon,2000,White,4,-1
Toyota,Avalon,2011,Gray,4,-1
Toyota,Avalon,2016,Gray,4,-1
Toyota,Avalon,2003,Silver,4,-1
Toyota,Avalon,1999,White,4,-1
Toyota,Avalon,2009,Brown,4,-1
Toyota,Avalon,2014,Brown,4,-1
Toyota,Avalon,2009,Brown,4,-1
Toyota,Avalon,2013,White,4,-1
Toyota,Avalon,2011,Red,4,-1
Toyota,Avalon,2016,Green,4,-1
Toyota,Avalon,2010,Green,4,-1
Toyota,Avalon,2007,Silver,4,-1
Toyota,Avalon,2011,Silver,4,-1
Toyota,Avalon,2001,Red,4,-1
Toyota,Avalon,2017,Red,4,-1
Toyota,Avalon,2009,Gray,4,-1
Toyota,Avalon,2009,Yellow,4,-1
Toyota,Avalon,2012,Brown,4,-1
Toyota,Avalon,2017,White,4,-1
Toyota,Avalon,2002,Black,4,-1
Toyota,Avalon,2013,Green,4,-1
Toyota,Avalon,2007,Black,4,-1
Toyota,Avalon,2006,Gray,4,-1
Toyota,Avalon,2015,Brown,4,-1
Toyota,Avalon,2005,Green,4,-1
Toyota,Avalon,2006,Silver,4,-1
Toyota,Avalon,2003,Blue,4,-1
Toyota,Avalon,2010,Brown,4,-1
Toyota,Avalon,2012,White,4,-1
Toyota,Avalon,2009,Yellow,4,-1
Toyota,Avalon,2014,Brown,4,-1
Toyota,Avalon,2006,Green,4,-1
Toyota,Avalon,2010,Gray,4,-1
Toyota,Avalon,2005,Gray,4,-1
Toyota,Avalon,2003,Red,4,-1
Toyota,Avalon,2002,Blue,4,-1
Toyota,Avalon,2003,Brown,4,-1
Toyota,Avalon,2009,Yellow,4,-1
Toyota,Avalon,2005,Gray,4,-1
Toyota,Avalon,2006,Blue,4,-1
Toyota,Avalon,2000,Silver,4,-1
Toyota,Avalon,2010,Green,4,-1
Toyota,Avalon,2010,Brown,4,-1
Toyota,Avalon,2012,Green,4,-1
Toyota,Avalon,2011,Black,4,-1
Toyota,Avalon,2007,Black,4,-1
Toyota,Avalon,2006,White,4,-1
Toyota,Avalon,2016,Gray,4,-1
Toyota,Avalon,2000,White,4,-1
Toyota,Avalon,2004,Black,4,-1
Toyota,Avalon,2010,Green,4,-1
Toyota,Avalon,2014,Green,4,-1
Toyota,Avalon,2015,Blue,4,-1
Toyota,Avalon,2006,Gray,4,-1
Toyota,Avalon,2014,Green,4,-1
Toyota,Avalon,2003,Blue,4,-1
Toyota,Avalon,2013,Red,4,-1
Toyota,Avalon,2010,Red,4,-1
Toyota,Avalon,2007,Blue,4,-1
Toyota,Avalon,2004,Gray,4,-1
Toyota,Avalon,2014,Yellow,4,-1
Toyota,Avalon,2003,Blue,4,-1
Toyota,Avalon,2013,Yellow,4,-1
Toyota,Avalon,2003,Gray,4,-1
Toyota,Avalon,2003,Black,4,-1
Toyota,Avalon,2016,Red,4,-1
Toyota,Avalon,2009,Gray,4,-1
Toyota,Avalon,2001,Yellow,4,-1
Ford,Fiesta,2010,Silver,4,-1
Ford,Fiesta,2010,Yellow,4,-1
Ford,Fiesta,2010,Green,4,-1
Ford,Fiesta,2004,White,4,-1
Ford,Fiesta,2015,Black,4,-1
Ford,Fiesta,2013,Silver,4,-1
Ford,Fiesta,2006,Blue,4,-1
Ford,Fiesta,2016,Brown,4,-1
Ford,Fiesta,2017,Black,4,-1
Ford,Fiesta,2000,Gray,4,-1
Ford,Fiesta,2004,Green,4,-1
Ford,Fiesta,1999,Gray,4,-1
Ford,Fiesta,2001,Blue,4,-1
Ford,Fiesta,2002,Yellow,4,-1
Ford,Fiesta,2013,White,4,-1
Ford,Fiesta,2010,Red,4,-1
Ford,Fiesta,2000,Green,4,-1
Ford,Fiesta,1999,Green,4,-1
Ford,Fiesta,2014,Red,4,-1
Ford,Fiesta,2007,White,4,-1
Ford,Fiesta,2003,Silver,4,-1
Ford,Fiesta,2008,Red,4,-1
Ford,Fiesta,2010,Silver,4,-1
Ford,Fiesta,2005,Green,4,-1
Ford,Fiesta,2008,Black,4,-1
Ford,Fiesta,2007,Brown,4,-1
Ford,Fiesta,2008,White,4,-1
Ford,Fiesta,2001,Red,4,-1
Ford,Fiesta,2006,White,4,-1
Ford,Fiesta,2005,Green,4,-1
Ford,Fiesta,2013,Black,4,-1
Ford,Fiesta,2013,Green,4,-1
Ford,Fiesta,2009,Black,4,-1
Ford,Fiesta,2017,Black,4,-1
Ford,Fiesta,2017,Yellow,4,-1
Ford,Fiesta,2011,Black,4,-1
Ford,Fiesta,2016,Yellow,4,-1
Ford,Fiesta,2007,Green,4,-1
Ford,Fiesta,2002,Yellow,4,-1
Ford,Fiesta,2009,Red,4,-1
Ford,Fiesta,2004,Green,4,-1
Ford,Fiesta,2007,Green,4,-1
Ford,Fiesta,2008,Red,4,-1
Ford,Fiesta,2006,Yellow,4,-1
Ford,Fiesta,2000,Brown,4,-1
Ford,Fiesta,2013,Blue,4,-1
Ford,Fiesta,2017,Silver,4,-1
Ford,Fiesta,2013,White,4,-1
Ford,Fiesta,2005,Yellow,4,-1
Ford,Fiesta,2010,Silver,4,-1
Ford,Fiesta,2000,Yellow,4,-1
Ford,Fiesta,2002,Red,4,-1
Ford,Fiesta,2013,Green,4,-1
Ford,Fiesta,2009,Brown,4,-1
Ford,Fiesta,2002,Red,4,-1
Ford,Fiesta,2014,Yellow,4,-1
Ford,Fiesta,2004,Gray,4,-1
Ford,Fiesta,2012,Green,4,-1
Ford,Fiesta,2000,Blue,4,-1
Ford,Fiesta,2006,Green,4,-1
Ford,Fiesta,2012,Yellow,4,-1
Ford,Fiesta,2008,Red,4,-1
Ford,Fiesta,2000,Yellow,4,-1
Ford,Fiesta,2010,Green,4,-1
Ford,Fiesta,2007,Gray,4,-1
Ford,Fiesta,2011,Yellow,4,-1
Ford,Fiesta,1999,Silver,4,-1
Ford,Fiesta,2012,Black,4,-1
Ford,Fiesta,2000,Green,4,-1
Ford,Fiesta,1999,Brown,4,-1
Ford,Fiesta,2009,Silver,4,-1
Ford,Fiesta,2004,Brown,4,-1
Ford,Fiesta,2009,Gray,4,-1
Ford,Fiesta,2002,Gray,4,-1
Ford,Fiesta,1999,Red,4,-1
Ford,Fiesta,2003,Brown,4,-1
Ford,Fiesta,2010,Brown,4,-1
Ford,Fiesta,2000,Brown,4,-1
Ford,Fiesta,2002,Silver,4,-1
Ford,Fiesta,1999,Blue,4,-1
Ford,Fiesta,2002,Gray,4,-1
Ford,Fiesta,2010,Red,4,-1
Ford,Fiesta,2000,Black,4,-1
Ford,Fiesta,2012,Brown,4,-1
Ford,Fiesta,2014,Gray,4,-1
Ford,Fiesta,1999,Red,4,-1
Ford,Fiesta,2010,Blue,4,-1
Ford,Fiesta,2008,Red,4,-1
Ford,Fiesta,2002,Silver,4,-1
Ford,Fiesta,2016,White,4,-1
Ford,Fiesta,2006,Black,4,-1
Ford,Fiesta,2017,White,4,-1
Ford,Fiesta,2011,Black,4,-1
Ford,Fiesta,2005,Silver,4,-1
Ford,Fiesta,2007,Brown,4,-1
Ford,Fiesta,2000,Blue,4,-1
Ford,Fiesta,2009,Red,4,-1
Ford,Fiesta,2006,Yellow,4,-1
Ford,Fiesta,2017,Yellow,4,-1
Ford,Fiesta,2008,Blue,4,-1
Ford,Fiesta,2008,Black,4,-1
Ford,Fiesta,2014,Green,4,-1
Ford,Fiesta,2012,Blue,4,-1
Ford,Fiesta,2000,Blue,4,-1
Ford,Fiesta,2008,Brown,4,-1
Ford,Fiesta,2012,Yellow,4,-1
Ford,Fiesta,2003,Brown,4,-1
Ford,Fiesta,2007,Black,4,-1
Ford,Fiesta,2003,Gray,4,-1
Ford,Fiesta,2002,Blue,4,-1
Ford,Fiesta,2011,Black,4,-1
Ford,Fiesta,2002,Gray,4,-1
Ford,Fiesta,2010,Silver,4,-1
Ford,Fiesta,2015,Blue,4,-1
Ford,Fiesta,2012,Gray,4,-1
Ford,Fiesta,2000,Green,4,-1
Ford,Fiesta,2009,Green,4,-1
Ford,Fiesta,2015,Black,4,-1
Ford,Fiesta,2006,Gray,4,-1
Ford,Fiesta,2001,Brown,4,-1
Ford,Fiesta,2000,White,4,-1
Ford,Fiesta,2015,Brown,4,-1
Ford,Fiesta,2016,Red,4,-1
Ford,Fiesta,2016,Gray,4,-1
Ford,Fiesta,2007,Silver,4,-1
Ford,Fiesta,2007,Green,4,-1
Ford,Focus,2004,Blue,4,-1
Ford,Focus,2009,Silver,4,-1
Ford,Focus,2014,Yellow,4,-1
Ford,Focus,2000,Yellow,4,-1
Ford,Focus,2012,Silver,4,-1
Ford,Focus,2008,Red,4,-1
Ford,Focus,2012,White,4,-1
Ford,Focus,2004,Blue,4,-1
Ford,Focus,2000,Red,4,-1
Ford,Focus,2002,Black,4,-1
Ford,Focus,2005,Gray,4,-1
Ford,Focus,2003,Brown,4,-1
Ford,Focus,1999,Yellow,4,-1
Ford,Focus,2010,Gray,4,-1
Ford,Focus,2007,Brown,4,-1
Ford,Focus,2007,Silver,4,-1
Ford,Focus,2014,Yellow,4,-1
Ford,Focus,2001,Brown,4,-1
Ford,Focus,2009,White,4,-1
Ford,Focus,2005,Green,4,-1
Ford,Focus,2011,Silver,4,-1
Ford,Focus,2003,Green,4,-1
Ford,Focus,1999,Brown,4,-1
Ford,Focus,2011,Blue,4,-1
Ford,Focus,2008,White,4,-1
Ford,Focus,2008,Red,4,-1
Ford,Focus,2007,Green,4,-1
Ford,Focus,2015,White,4,-1
Ford,Focus,2005,Blue,4,-1
Ford,Focus,2015,Blue,4,-1
Ford,Focus,2002,Yellow,4,-1
Ford,Focus,2003,Brown,4,-1
Ford,Focus,2005,Yellow,4,-1
Ford,Focus,2000,Gray,4,-1
Ford,Focus,2008,Silver,4,-1
Ford,Focus,2010,Red,4,-1
Ford,Focus,2003,Red,4,-1
Ford,Focus,1999,Green,4,-1
Ford,Focus,2015,Red,4,-1
Ford,Focus,2003,Gray,4,-1
Ford,Focus,2013,Gray,4,-1
Ford,Focus,1999,Gray,4,-1
Ford,Focus,2003,Blue,4,-1
Ford,Focus,2006,Black,4,-1
Ford,Focus,2005,Green,4,-1
Ford,Focus,2001,Blue,4,-1
Ford,Focus,2004,Blue,4,-1
Ford,Focus,2011,Brown,4,-1
Ford,Focus,2011,White,4,-1
Ford,Focus,2017,Gray,4,-1
Ford,Focus,2001,Black,4,-1
Ford,Focus,2005,Blue,4,-1
Ford,Focus,2016,Brown,4,-1
Ford,Focus,2010,Red,4,-1
Ford,Focus,2006,Black,4,-1
Ford,Focus,1999,Gray,4,-1
Ford,Focus,2002,Yellow,4,-1
Ford,Focus,1999,Black,4,-1
Ford,Focus,2014,Black,4,-1
Ford,Focus,2000,Black,4,-1
Ford,Focus,2016,Brown,4,-1
Ford,Focus,2003,Brown,4,-1
Ford,Focus,1999,Silver,4,-1
Ford,Focus,2001,Green,4,-1
Ford,Focus,2008,Green,4,-1
Ford,Focus,2010,Black,4,-1
Ford,Focus,2000,Black,4,-1
Ford,Focus,2004,Silver,4,-1
Ford,Focus,2003,Green,4,-1
Ford,Focus,2015,Brown,4,-1
Ford,Focus,2017,Silver,4,-1
Ford,Focus,2002,Blue,4,-1
Ford,Focus,2014,Brown,4,-1
Ford,Focus,2004,Gray,4,-1
Ford,Focus,2009,Gray,4,-1
Ford,Focus,2014,Brown,4,-1
Ford,Focus,2004,Green,4,-1
Ford,Focus,2000,Blue,4,-1
Ford,Focus,2010,Blue,4,-1
Ford,Focus,2010,Silver,4,-1
Ford,Focus,2015,Red,4,-1
Ford,Focus,2010,Blue,4,-1
Ford,Focus,2000,Green,4,-1
Ford,Focus,2003,Black,4,-1
Ford,Focus,2011,Blue,4,-1
Ford,Focus,2008,Green,4,-1
Ford,Focus,2005,Blue,4,-1
Ford,Focus,2008,Blue,4,-1
Ford,Focus,2012,Red,4,-1
Ford,Focus,2004,Red,4,-1
Ford,Focus,2017,White,4,-1
Ford,Focus,2011,Blue,4,-1
Ford,Focus,2005,Yellow,4,-1
Ford,Focus,1999,Green,4,-1
Ford,Focus,2012,Red,4,-1
Ford,Focus,2006,White,4,-1
Ford,Focus,2013,Brown,4,-1
Ford,Focus,2012,Brown,4,-1
Ford,Focus,2008,Red,4,-1
Ford,Focus,2010,Green,4,-1
Ford,Focus,2017,Red,4,-1
Ford,Focus,2014,Green,4,-1
Ford,Focus,2001,Gray,4,-1
Ford,Focus,2012,Gray,4,-1
Ford,Focus,2003,Blue,4,-1
Ford,Focus,2010,Yellow,4,-1
Ford,Focus,2007,Yellow,4,-1
Ford,Focus,2014,Gray,4,-1
Ford,Focus,2000,Black,4,-1
Ford,Focus,2011,Yellow,4,-1
Ford,Focus,2007,Red,4,-1
Ford,Focus,2015,Green,4,-1
Ford,Focus,2015,Brown,4,-1
Ford,Focus,2006,White,4,-1
Ford,Focus,2017,Brown,4,-1
Ford,Focus,2017,Silver,4,-1
Ford,Focus,2003,Red,4,-1
Ford,Focus,2013,Red,4,-1
Ford,Focus,2010,Black,4,-1
Ford,Focus,2009,Brown,4,-1
Ford,Focus,2014,Brown,4,-1
Ford,Focus,1999,Blue,4,-1
Ford,Focus,2012,Gray,4,-1
Ford,Focus,2010,Blue,4,-1
Ford,Focus,2012,Yellow,4,-1
Ford,Focus,2010,Green,4,-1
Ford,Focus,2009,Silver,4,-1
Ford,Focus,2009,Red,4,-1
Ford,Focus,2011,Yellow,4,-1
Ford,Focus,2014,Green,4,-1
Ford,Focus,2013,Blue,4,-1
Ford,Focus,2015,Gray,4,-1
Ford,Focus,2015,Black,4,-1
Ford,Focus,2009,White,4,-1
Ford,Focus,2009,White,4,-1
Ford,Focus,2008,Black,4,-1
Ford,Focus,2003,Silver,4,-1
Ford,Focus,2001,Blue,4,-1
Ford,Focus,2014,Gray,4,-1
Ford,Focus,2003,Black,4,-1
Ford,Focus,2013,Silver,4,-1
Ford,Focus,2000,Red,4,-1
Ford,Focus,2003,Silver,4,-1
Ford,Focus,2003,Black,4,-1
Ford,Focus,1999,Yellow,4,-1
Ford,Focus,2011,Gray,4,-1
Ford,Focus,2009,Brown,4,-1
Ford,Focus,2012,Silver,4,-1
Ford,Focus,2008,Brown,4,-1
Ford,Focus,2007,Brown,4,-1
Ford,Focus,2006,Yellow,4,-1
Ford,Focus,2008,White,4,-1
Ford,Focus,2010,Brown,4,-1
Ford,Focus,2015,Brown,4,-1
Ford,Focus,2016,Silver,4,-1
Ford,Focus,2017,Red,4,-1
Ford,Focus,2011,Green,4,-1
Ford,Focus,1999,Red,4,-1
Ford,Focus,2011,Blue,4,-1
Ford,Focus,2015,Blue,4,-1
Ford,Focus,1999,Gray,4,-1
Ford,Focus,2000,Yellow,4,-1
Ford,Focus,2015,Blue,4,-1
Ford,Focus,2005,Black,4,-1
Ford,Focus,2015,Gray,4,-1
Ford,Focus,2004,Brown,4,-1
Ford,Focus,2015,Yellow,4,-1
Ford,Focus,2008,White,4,-1
Ford,Focus,2014,Silver,4,-1
Ford,Focus,2016,Red,4,-1
Ford,Focus,2004,Silver,4,-1
Ford,Focus,2016,Brown,4,-1
Ford,Focus,2008,Gray,4,-1
Ford,Focus,2008,Green,4,-1
Ford,Focus,2001,Blue,4,-1
Ford,Focus,2003,White,4,-1
Ford,Focus,2011,Black,4,-1
Ford,Focus,2008,Red,4,-1
Ford,Focus,2009,White,4,-1
Ford,Focus,2006,Silver,4,-1
Ford,Focus,1999,Black,4,-1
Ford,Focus,2010,Gray,4,-1
Ford,Focus,2012,Black,4,-1
Ford,Focus,2004,Gray,4,-1
Ford,Focus,2000,Brown,4,-1
Ford,Focus,2017,Yellow,4,-1
Ford,Focus,2007,Brown,4,-1
Ford,Focus,2001,Blue,4,-1
Ford,Focus,2003,Blue,4,-1
Ford,Focus,1999,Yellow,4,-1
Ford,Focus,2015,White,4,-1
Ford,Focus,2014,Silver,4,-1
Ford,Focus,2006,Blue,4,-1
Ford,Focus,2016,Blue,4,-1
Ford,Focus,2013,Blue,4,-1
Ford,Focus,2001,Brown,4,-1
Ford,Focus,2011,White,4,-1
Ford,Focus,2001,Green,4,-1
Ford,Focus,2015,Red,4,-1
Ford,Focus,2008,Brown,4,-1
Ford,Focus,2010,Gray,4,-1
Ford,Focus,2003,Brown,4,-1
Ford,Focus,1999,White,4,-1
Ford,Focus,2001,White,4,-1
Ford,Focus,2013,White,4,-1
Ford,Focus,2007,Red,4,-1
Ford,Focus,2006,Silver,4,-1
Ford,Focus,2017,White,4,-1
Ford,Focus,2006,Brown,4,-1
Ford,Focus,2006,Blue,4,-1
Ford,Focus,2017,Brown,4,-1
Ford,Focus,2004,Gray,4,-1
Ford,Focus,2016,Yellow,4,-1
Ford,Focus,2008,Blue,4,-1
Ford,Focus,1999,Silver,4,-1
Ford,Focus,2010,Gray,4,-1
Ford,Focus,2014,Gray,4,-1
Ford,Focus,1999,Brown,4,-1
Ford,Focus,2006,Blue,4,-1
Ford,Focus,2004,Silver,4,-1
Ford,Focus,2006,Green,4,-1
Ford,Focus,2017,Red,4,-1
Ford,Focus,2002,Brown,4,-1
Ford,Focus,2006,Blue,4,-1
Ford,Focus,2004,Blue,4,-1
Ford,Focus,2001,Black,4,-1
Ford,Focus,2011,Green,4,-1
Ford,Focus,2014,Black,4,-1
Ford,Focus,2002,Yellow,4,-1
Ford,Focus,2013,Brown,4,-1
Ford,Focus,2008,White,4,-1
Ford,Focus,2017,Silver,4,-1
Ford,Focus,2009,White,4,-1
Ford,Focus,2009,Red,4,-1
Ford,Focus,2002,Yellow,4,-1
Ford,Focus,2008,Green,4,-1
Ford,Focus,2000,Brown,4,-1
Ford,Focus,2006,Yellow,4,-1
Ford,Focus,2006,Green,4,-1
Ford,Focus,2005,Green,4,-1
Ford,Focus,2004,Black,4,-1
Ford,Focus,2007,Red,4,-1
Ford,Focus,2014,Gray,4,-1
Ford,Focus,2016,White,4,-1
Ford,Focus,2006,Yellow,4,-1
Ford,Focus,2011,Red,4,-1
Ford,Focus,2008,Silver,4,-1
Ford,Focus,2012,Blue,4,-1
Ford,Focus,2000,Green,4,-1
Ford,Focus,2006,Silver,4,-1
Ford,Focus,2004,Silver,4,-1
Ford,Focus,2008,Black,4,-1
Ford,Focus,2003,Brown,4,-1
Ford,Focus,2011,Red,4,-1
Ford,Focus,2014,Yellow,4,-1
Ford,Focus,2012,Red,4,-1
Ford,Focus,2006,Yellow,4,-1
Ford,Focus,2011,Gray,4,-1
Ford,Focus,2016,Silver,4,-1
Ford,Focus,2015,Black,4,-1
Ford,Focus,2017,Brown,4,-1
Ford,Focus,2001,Silver,4,-1
Ford,Focus,2007,Gray,4,-1
Ford,Focus,1999,Red,4,-1
Ford,Focus,2004,Red,4,-1
Ford,Focus,2004,Green,4,-1
Ford,Focus,2014,Green,4,-1
Ford,Focus,1999,Green,4,-1
Ford,Focus,2014,Yellow,4,-1
Ford,Focus,2014,Brown,4,-1
Ford,Focus,2009,Red,4,-1
Ford,Focus,2017,Brown,4,-1
Ford,Focus,2005,Red,4,-1
Ford,Focus,2014,Gray,4,-1
Ford,Focus,2008,White,4,-1
Ford,Focus,2014,Green,4,-1
Ford,Focus,1999,Yellow,4,-1
Ford,Focus,1999,Yellow,4,-1
Ford,Focus,2016,White,4,-1
Ford,Focus,2016,Blue,4,-1
Ford,Focus,2015,Brown,4,-1
Ford,Focus,2001,Red,4,-1
Ford,Focus,2014,Silver,4,-1
Ford,Focus,2010,Silver,4,-1
Ford,Focus,2014,Brown,4,-1
Ford,Focus,2008,Yellow,4,-1
Ford,Focus,2014,Green,4,-1
Ford,Focus,2005,Gray,4,-1
Ford,Focus,2009,Black,4,-1
Ford,Focus,2001,Brown,4,-1
Ford,Focus,2016,Green,4,-1
Ford,Focus,2004,White,4,-1
Ford,Focus,2010,Yellow,4,-1
Ford,Focus,2003,Silver,4,-1
Ford,Focus,2001,White,4,-1
Ford,Focus,2011,White,4,-1
Ford,Focus,2002,Blue,4,-1
Ford,Focus,2014,Silver,4,-1
Ford,Focus,2004,Yellow,4,-1
Ford,Focus,2008,Gray,4,-1
Ford,Focus,2015,Silver,4,-1
Ford,Focus,2002,Yellow,4,-1
Ford,Focus,2002,Silver,4,-1
Ford,Focus,2002,Yellow,4,-1
Ford,Focus,2004,Green,4,-1
Ford,Focus,2012,Blue,4,-1
Ford,Focus,2017,Gray,4,-1
Ford,Focus,2016,White,4,-1
Ford,Focus,2015,White,4,-1
Ford,Focus,2016,Gray,4,-1
Ford,Focus,1999,Blue,4,-1
Ford,Focus,2002,Black,4,-1
Ford,Focus,2005,Gray,4,-1
Ford,Focus,2016,Silver,4,-1
Ford,Focus,2012,Blue,4,-1
Ford,Focus,2002,Green,4,-1
Ford,Focus,2011,Black,4,-1
Ford,Focus,2011,White,4,-1
Ford,Focus,2015,Silver,4,-1
Ford,Focus,2017,Blue,4,-1
Ford,Focus,2006,Silver,4,-1
Ford,Focus,2008,Black,4,-1
Ford,Focus,2004,Gray,4,-1
Ford,Focus,2005,White,4,-1
Ford,Focus,2008,Yellow,4,-1
Ford,Focus,1999,Gray,4,-1
Ford,Focus,2015,Blue,4,-1
Ford,Focus,2008,Brown,4,-1
Ford,Focus,2014,Blue,4,-1
Ford,Focus,2012,White,4,-1
Ford,Focus,2000,White,4,-1
Ford,Fusion,2007,Blue,4,-1
Ford,Fusion,2004,Silver,4,-1
Ford,Fusion,2002,Red,4,-1
Ford,Fusion,2004,Black,4,-1
Ford,Fusion,1999,Black,4,-1
Ford,Fusion,2003,Black,4,-1
Ford,Fusion,2012,White,4,-1
Ford,Fusion,2001,White,4,-1
Ford,Fusion,2003,Red,4,-1
Ford,Fusion,2012,Green,4,-1
Ford,Fusion,2007,Blue,4,-1
Ford,Fusion,2011,Blue,4,-1
Ford,Fusion,2010,Gray,4,-1
Ford,Fusion,2002,Yellow,4,-1
Ford,Fusion,2014,Gray,4,-1
Ford,Fusion,2008,Yellow,4,-1
Ford,Fusion,2004,Black,4,-1
Ford,Fusion,2016,Red,4,-1
Ford,Fusion,2012,Brown,4,-1
Ford,Fusion,2006,Silver,4,-1
Ford,Fusion,2014,Black,4,-1
Ford,Fusion,2002,Red,4,-1
Ford,Fusion,2013,Yellow,4,-1
Ford,Fusion,2012,Blue,4,-1
Ford,Fusion,2013,White,4,-1
Ford,Fusion,2011,Red,4,-1
Ford,Fusion,2017,Silver,4,-1
Ford,Fusion,2014,White,4,-1
Ford,Fusion,2013,Blue,4,-1
Ford,Fusion,2000,Red,4,-1
Ford,Fusion,2005,Black,4,-1
Ford,Fusion,2011,Green,4,-1
Ford,Fusion,2001,Gray,4,-1
Ford,Fusion,2000,Brown,4,-1
Ford,Fusion,2016,Black,4,-1
Ford,Fusion,2017,White,4,-1
Ford,Fusion,2004,White,4,-1
Ford,Fusion,2000,Green,4,-1
Ford,Fusion,2013,Gray,4,-1
Ford,Fusion,2016,Silver,4,-1
Ford,Fusion,2003,White,4,-1
Ford,Fusion,2007,Silver,4,-1
Ford,Fusion,2014,Green,4,-1
Ford,Fusion,2001,Red,4,-1
Ford,Fusion,2010,Yellow,4,-1
Ford,Fusion,2016,Silver,4,-1
Ford,Fusion,2003,Blue,4,-1
Ford,Fusion,2005,White,4,-1
Ford,Fusion,2004,Brown,4,-1
Ford,Fusion,2007,Black,4,-1
Ford,Fusion,2017,Silver,4,-1
Ford,Fusion,2007,Blue,4,-1
Ford,Fusion,2002,White,4,-1
Ford,Fusion,2002,Red,4,-1
Ford,Fusion,2007,Yellow,4,-1
Ford,Fusion,2014,Green,4,-1
Ford,Fusion,2009,Silver,4,-1
Ford,Fusion,2002,Red,4,-1
Ford,Fusion,2010,Brown,4,-1
Ford,Fusion,2012,Blue,4,-1
Ford,Fusion,2001,Green,4,-1
Ford,Fusion,2010,Yellow,4,-1
Ford,Fusion,2011,Green,4,-1
Ford,Fusion,2002,Green,4,-1
Ford,Fusion,2000,White,4,-1
Ford,Fusion,2010,Gray,4,-1
Ford,Fusion,2010,Green,4,-1
Ford,Fusion,2008,Gray,4,-1
Ford,Fusion,2011,Silver,4,-1
Ford,Fusion,2005,Blue,4,-1
Ford,Fusion,2003,Gray,4,-1
Ford,Fusion,2009,Brown,4,-1
Ford,Fusion,1999,Black,4,-1
Ford,Fusion,2001,Red,4,-1
Ford,Fusion,2000,Blue,4,-1
Ford,Fusion,2013,Red,4,-1
Ford,Fusion,2014,Red,4,-1
Ford,Fusion,2002,Gray,4,-1
Ford,Fusion,2003,Green,4,-1
Ford,Fusion,2008,Silver,4,-1
Ford,Fusion,2008,Green,4,-1
Ford,Fusion,2016,Red,4,-1
Ford,Fusion,2005,Gray,4,-1
Ford,Fusion,2004,Gray,4,-1
Ford,Fusion,2006,Yellow,4,-1
Ford,Fusion,2002,Black,4,-1
Ford,Fusion,2017,Gray,4,-1
Ford,Fusion,2016,Green,4,-1
Ford,Fusion,2003,Brown,4,-1
Ford,Fusion,2016,Brown,4,-1
Ford,Fusion,2009,Black,4,-1
Ford,Fusion,2001,Yellow,4,-1
Ford,Fusion,1999,Brown,4,-1
Ford,Fusion,1999,Yellow,4,-1
Ford,Fusion,2007,Blue,4,-1
Ford,Fusion,2016,Silver,4,-1
Ford,Fusion,2013,Red,4,-1
Ford,Fusion,2000,Red,4,-1
Ford,Fusion,2001,Brown,4,-1
Ford,Fusion,2007,Silver,4,-1
Ford,Fusion,2013,Green,4,-1
Ford,Fusion,2017,Gray,4,-1
Ford,Fusion,2005,Gray,4,-1
Ford,Fusion,2000,Black,4,-1
Ford,Fusion,2007,White,4,-1
Ford,Fusion,2001,Red,4,-1
Ford,Fusion,2017,Red,4,-1
Ford,Fusion,2013,Red,4,-1
Ford,Fusion,2016,Gray,4,-1
Ford,Fusion,2009,Blue,4,-1
Ford,Fusion,2014,Green,4,-1
Ford,Fusion,2006,Silver,4,-1
Ford,Fusion,2013,White,4,-1
Ford,Fusion,2015,Black,4,-1
Ford,Fusion,2014,Blue,4,-1
Ford,Fusion,2016,Black,4,-1
Ford,Fusion,2002,Silver,4,-1
Ford,Fusion,2016,Silver,4,-1
Ford,Fusion,2013,Brown,4,-1
Ford,Fusion,2013,Black,4,-1
Ford,Fusion,2004,Silver,4,-1
Ford,Fusion,2002,Yellow,4,-1
Ford,Fusion,2016,Blue,4,-1
Ford,Fusion,2001,Silver,4,-1
Ford,Fusion,2003,Yellow,4,-1
Ford,Fusion,2004,Brown,4,-1
Ford,Fusion,2007,Green,4,-1
Ford,Fusion,2011,Red,4,-1
Ford,Fusion,2014,Gray,4,-1
Ford,Fusion,2013,Black,4,-1
Ford,Fusion,2016,Green,4,-1
Ford,Fusion,2011,Brown,4,-1
Ford,Fusion,2013,Green,4,-1
Ford,Fusion,2005,Gray,4,-1
Ford,Fusion,2011,Blue,4,-1
Ford,Fusion,2013,Green,4,-1
Ford,Fusion,2000,White,4,-1
Ford,Fusion,2009,Red,4,-1
Ford,Fusion,2009,Brown,4,-1
Ford,Fusion,2010,Brown,4,-1
Ford,Fusion,2004,Green,4,-1
Ford,Fusion,2011,Black,4,-1
Ford,Fusion,2014,Green,4,-1
Ford,Fusion,2004,Blue,4,-1
Ford,Fusion,2000,Green,4,-1
Ford,Fusion,2004,Yellow,4,-1
Ford,Fusion,2010,Black,4,-1
Ford,Fusion,2014,Brown,4,-1
Ford,Fusion,2016,Gray,4,-1
Ford,Fusion,2013,Brown,4,-1
Ford,Fusion,2002,Green,4,-1
Ford,Fusion,2001,Yellow,4,-1
Ford,Fusion,2005,White,4,-1
Ford,Fusion,1999,Gray,4,-1
Ford,Fusion,2013,White,4,-1
Ford,Fusion,2007,Red,4,-1
Ford,Fusion,2017,Silver,4,-1
Ford,Fusion,2010,Red,4,-1
Ford,Fusion,1999,Gray,4,-1
Ford,Fusion,2015,Green,4,-1
Ford,Fusion,2003,Black,4,-1
Ford,Fusion,2014,Red,4,-1
Ford,Fusion,2006,Red,4,-1
Ford,Fusion,2006,Black,4,-1
Ford,Fusion,2011,Gray,4,-1
Ford,Fusion,2012,Black,4,-1
Ford,Fusion,2017,Blue,4,-1
Ford,Fusion,2000,Blue,4,-1
Ford,Fusion,2011,Green,4,-1
Ford,Fusion,2004,Black,4,-1
Ford,Fusion,2002,Brown,4,-1
Ford,Fusion,2000,Yellow,4,-1
Ford,Fusion,2002,White,4,-1
Ford,Fusion,2005,Blue,4,-1
Ford,Fusion,2009,Silver,4,-1
Ford,Fusion,2017,Yellow,4,-1
Ford,Fusion,2006,Silver,4,-1
Ford,Fusion,2012,Red,4,-1
Ford,Fusion,2007,Blue,4,-1
Ford,Fusion,2007,White,4,-1
Ford,Fusion,2006,Brown,4,-1
Ford,Fusion,2000,Black,4,-1
Ford,Fusion,2008,Black,4,-1
Ford,Fusion,2014,Yellow,4,-1
Ford,Fusion,2002,Black,4,-1
Ford,Fusion,2016,Black,4,-1
Ford,Fusion,2013,Black,4,-1
Ford,Fusion,2017,White,4,-1
Ford,Fusion,2017,Brown,4,-1
Ford,Fusion,2011,Red,4,-1
Ford,Fusion,2004,Green,4,-1
Ford,Fusion,2002,Black,4,-1
Ford,Fusion,2004,Yellow,4,-1
Ford,Fusion,2011,Silver,4,-1
Ford,Fusion,2001,Black,4,-1
Ford,Fusion,2016,Brown,4,-1
Ford,Fusion,2017,Black,4,-1
Ford,Fusion,2010,Brown,4,-1
Ford,Fusion,2001,Green,4,-1
Ford,Fusion,2010,Yellow,4,-1
Ford,Fusion,2006,Silver,4,-1
Ford,Fusion,2005,Yellow,4,-1
Ford,Fusion,2016,Blue,4,-1
Ford,Fusion,2008,Black,4,-1
Ford,Fusion,2004,Blue,4,-1
Ford,Fusion,2011,Gray,4,-1
Ford,Fusion,2002,Blue,4,-1
Ford,Fusion,2008,Black,4,-1
Ford,Fusion,2014,Red,4,-1
Ford,Fusion,2007,Yellow,4,-1
Ford,Fusion,2008,Gray,4,-1
Ford,Fusion,1999,Blue,4,-1
Ford,Fusion,2001,White,4,-1
Ford,Fusion,2015,Red,4,-1
Ford,Fusion,2005,Silver,4,-1
Ford,Fusion,2009,White,4,-1
Ford,Fusion,2011,Green,4,-1
Ford,Fusion,2015,Blue,4,-1
Ford,Fusion,2003,Blue,4,-1
Ford,Fusion,2004,Yellow,4,-1
Ford,Fusion,2001,Green,4,-1
Ford,Fusion,2010,Green,4,-1
Ford,Fusion,2013,White,4,-1
Ford,Fusion,2003,White,4,-1
Ford,Fusion,2009,Yellow,4,-1
Ford,Fusion,2016,Black,4,-1
Ford,Fusion,2003,Green,4,-1
Ford,Fusion,2003,Silver,4,-1
Ford,Fusion,2013,Blue,4,-1
Ford,Fusion,2015,Black,4,-1
Ford,Fusion,2007,Gray,4,-1
Ford,Fusion,2017,Gray,4,-1
Ford,Fusion,1999,Green,4,-1
Ford,Fusion,2001,Blue,4,-1
Ford,Fusion,2006,Brown,4,-1
Ford,Fusion,2000,Yellow,4,-1
Ford,Fusion,2005,Yellow,4,-1
Ford,Fusion,2007,Brown,4,-1
Ford,Fusion,2000,Gray,4,-1
Ford,Fusion,2006,White,4,-1
Ford,Fusion,2007,Green,4,-1
Ford,Fusion,2012,Brown,4,-1
Ford,Fusion,2013,Green,4,-1
Ford,Fusion,2002,Green,4,-1
Ford,Fusion,2000,Green,4,-1
Ford,Fusion,2011,Black,4,-1
Ford,Fusion,2006,Green,4,-1
Ford,Fusion,2010,Silver,4,-1
Ford,Fusion,2015,Yellow,4,-1
Ford,Fusion,1999,Silver,4,-1
Ford,Fusion,2003,Black,4,-1
Ford,Fusion,2003,Brown,4,-1
Ford,Fusion,2005,Green,4,-1
Ford,Fusion,2001,Gray,4,-1
Ford,Fusion,2008,Black,4,-1
Ford,Fusion,2006,Red,4,-1
Ford,Fusion,2006,Blue,4,-1
Ford,Fusion,2009,Blue,4,-1
Ford,Fusion,2017,Green,4,-1
Ford,Fusion,2010,Gray,4,-1
Ford,Fusion,2016,Yellow,4,-1
Ford,Fusion,2000,Green,4,-1
Ford,Fusion,2000,Green,4,-1
Ford,Fusion,2007,Gray,4,-1
Ford,Fusion,2003,Silver,4,-1
Ford,Fusion,2016,Blue,4,-1
Ford,Fusion,2008,Blue,4,-1
Ford,Fusion,2013,Green,4,-1
Ford,Fusion,2001,White,4,-1
Ford,Fusion,2015,White,4,-1
Ford,Fusion,2004,Yellow,4,-1
Ford,Fusion,2008,Silver,4,-1
Ford,Fusion,2010,Blue,4,-1
Ford,Fusion,2012,Green,4,-1
Ford,Fusion,2013,Black,4,-1
Ford,Fusion,2004,Blue,4,-1
Ford,Fusion,2007,Gray,4,-1
Ford,Fusion,2000,Green,4,-1
Ford,Fusion,2006,Yellow,4,-1
Ford,Fusion,2016,Brown,4,-1
Ford,Fusion,2007,Black,4,-1
Ford,Fusion,1999,Brown,4,-1
Ford,Fusion,2013,Silver,4,-1
Ford,Fusion,2009,Red,4,-1
Ford,Fusion,2014,Blue,4,-1
Ford,Fusion,2016,Blue,4,-1
Ford,Fusion,2005,Silver,4,-1
Ford,Fusion,2004,Yellow,4,-1
Ford,Fusion,2003,Green,4,-1
Ford,Fusion,2017,Green,4,-1
Ford,Fusion,2011,White,4,-1
Ford,Fusion,2007,Blue,4,-1
Ford,Fusion,2000,Brown,4,-1
Ford,Fusion,2010,Black,4,-1
Ford,Fusion,2000,Brown,4,-1
Ford,Fusion,2014,Green,4,-1
Ford,Fusion,2011,Silver,4,-1
Ford,Fusion,2014,Gray,4,-1
Ford,Fusion,2006,White,4,-1
Ford,Fusion,2003,Gray,4,-1
Ford,Fusion,2002,Yellow,4,-1
Ford,Fusion,2010,Silver,4,-1
Ford,Fusion,2014,Brown,4,-1
Ford,Fusion,2008,Green,4,-1
Ford,Fusion,2011,Yellow,4,-1
Ford,Fusion,2005,Black,4,-1
Ford,Fusion,2001,Red,4,-1
Ford,Fusion,2007,Silver,4,-1
Ford,Fusion,2009,Green,4,-1
Ford,Fusion,2009,Blue,4,-1
Ford,Fusion,2002,Green,4,-1
Ford,Fusion,2002,Brown,4,-1
Ford,Fusion,2009,Red,4,-1
Ford,Fusion,2006,Red,4,-1
Ford,Fusion,2004,Green,4,-1
Ford,Mustang,2000,Red,4,-1
Ford,Mustang,2005,Gray,4,-1
Ford,Mustang,2010,Red,4,-1
Ford,Mustang,2007,Red,4,-1
Ford,Mustang,2005,Gray,4,-1
Ford,Mustang,2001,Gray,4,-1
Ford,Mustang,2013,Brown,4,-1
Ford,Mustang,2010,White,4,-1
Ford,Mustang,2017,Gray,4,-1
Ford,Mustang,2001,White,4,-1
Ford,Mustang,2008,Silver,4,-1
Ford,Mustang,2008,White,4,-1
Ford,Mustang,2010,Green,4,-1
Ford,Mustang,2000,Gray,4,-1
Ford,Mustang,2013,Blue,4,-1
Ford,Mustang,2012,Green,4,-1
Ford,Mustang,2015,Silver,4,-1
Ford,Mustang,2009,Blue,4,-1
Ford,Mustang,2017,Yellow,4,-1
Ford,Mustang,2002,Gray,4,-1
Ford,Mustang,2016,Blue,4,-1
Ford,Mustang,2017,White,4,-1
Ford,Mustang,2002,Silver,4,-1
Ford,Mustang,2012,Gray,4,-1
Ford,Mustang,2004,White,4,-1
Ford,Mustang,2015,Gray,4,-1
Ford,Mustang,2002,White,4,-1
Ford,Mustang,2007,Green,4,-1
Ford,Mustang,2001,Silver,4,-1
Ford,Mustang,1999,Gray,4,-1
Ford,Mustang,2016,Silver,4,-1
Ford,Mustang,2016,Black,4,-1
Ford,Mustang,2007,Silver,4,-1
Ford,Mustang,2014,Yellow,4,-1
Ford,Mustang,2017,Gray,4,-1
Ford,Mustang,2005,Yellow,4,-1
Ford,Mustang,2017,Red,4,-1
Ford,Mustang,2001,Red,4,-1
Ford,Mustang,2013,White,4,-1
Ford,Mustang,2015,Black,4,-1
Ford,Mustang,2017,Yellow,4,-1
Ford,Mustang,2008,Blue,4,-1
Ford,Mustang,2012,Blue,4,-1
Ford,Mustang,2002,Green,4,-1
Ford,Mustang,1999,Brown,4,-1
Ford,Mustang,2000,Blue,4,-1
Ford,Mustang,2011,Silver,4,-1
Ford,Mustang,1999,White,4,-1
Ford,Mustang,2005,Green,4,-1
Ford,Mustang,2003,Red,4,-1
Ford,Mustang,2013,Yellow,4,-1
Ford,Mustang,2017,White,4,-1
Ford,Mustang,2016,Green,4,-1
Ford,Mustang,2005,White,4,-1
Ford,Mustang,2001,White,4,-1
Ford,Mustang,2016,Green,4,-1
Ford,Mustang,2009,Yellow,4,-1
Ford,Mustang,1999,Red,4,-1
Ford,Mustang,1999,Silver,4,-1
Ford,Mustang,2009,Brown,4,-1
Ford,Mustang,2016,Red,4,-1
Ford,Mustang,2009,Black,4,-1
Ford,Mustang,2006,Gray,4,-1
Ford,Mustang,2010,White,4,-1
Ford,Mustang,2000,Yellow,4,-1
Ford,Mustang,2017,Yellow,4,-1
Ford,Mustang,2004,White,4,-1
Ford,Mustang,2011,Silver,4,-1
Ford,Mustang,2012,Blue,4,-1
Ford,Mustang,2012,Black,4,-1
Ford,Mustang,2006,Black,4,-1
Ford,Mustang,2014,White,4,-1
Ford,Mustang,2004,Blue,4,-1
Ford,Mustang,2014,Silver,4,-1
Ford,Mustang,2006,Brown,4,-1
Ford,Mustang,2004,Gray,4,-1
Ford,Mustang,2005,Yellow,4,-1
Ford,Mustang,2014,Black,4,-1
Ford,Mustang,2004,Black,4,-1
Ford,Mustang,2003,Red,4,-1
Ford,Mustang,2002,White,4,-1
Ford,Mustang,2017,Red,4,-1
Ford,Mustang,2000,Brown,4,-1
Ford,Mustang,2006,Brown,4,-1
Ford,Mustang,2002,Red,4,-1
Ford,Mustang,2017,Green,4,-1
Ford,Mustang,2010,Black,4,-1
Ford,Mustang,2005,Yellow,4,-1
Ford,Mustang,2011,Silver,4,-1
Ford,Mustang,2014,Silver,4,-1
Ford,Mustang,2014,White,4,-1
Ford,Mustang,2009,Blue,4,-1
Ford,Mustang,2008,Red,4,-1
Ford,Mustang,2016,Silver,4,-1
Ford,Mustang,2014,Red,4,-1
Ford,Mustang,2013,Red,4,-1
Ford,Mustang,1999,Silver,4,-1
Ford,Mustang,2001,Blue,4,-1
Ford,Mustang,2014,Gray,4,-1
Ford,Mustang,2007,Brown,4,-1
Ford,Mustang,2003,Green,4,-1
Ford,Mustang,2001,Blue,4,-1
Ford,Mustang,2000,White,4,-1
Ford,Mustang,2005,Silver,4,-1
Ford,Mustang,1999,Brown,4,-1
Ford,Mustang,1999,Blue,4,-1
Ford,Mustang,2003,Black,4,-1
Ford,Mustang,2009,Red,4,-1
Ford,Mustang,2002,Brown,4,-1
Ford,Mustang,2009,Red,4,-1
Ford,Mustang,1999,Yellow,4,-1
Ford,Mustang,2012,Brown,4,-1
Ford,Mustang,2013,Red,4,-1
Ford,Mustang,2009,Yellow,4,-1
Ford,Mustang,2006,Yellow,4,-1
Ford,Mustang,2012,Yellow,4,-1
Ford,Mustang,2002,Blue,4,-1
Ford,Mustang,2010,Blue,4,-1
Ford,Mustang,1999,Green,4,-1
Ford,Mustang,2006,Gray,4,-1
Ford,Mustang,2017,Brown,4,-1
Ford,Mustang,1999,White,4,-1
Ford,Mustang,2014,Yellow,4,-1
Ford,Mustang,2002,Red,4,-1
Ford,Mustang,2014,Black,4,-1
Ford,Mustang,2000,Green,4,-1
Ford,Mustang,2016,Red,4,-1
Ford,Mustang,2014,White,4,-1
Ford,Mustang,2012,Yellow,4,-1
Ford,Mustang,1999,White,4,-1
Ford,Mustang,2002,White,4,-1
Ford,Mustang,2014,Gray,4,-1
Ford,Mustang,2015,Green,4,-1
Ford,Mustang,2017,Gray,4,-1
Ford,Mustang,2001,Red,4,-1
Ford,Mustang,2000,Brown,4,-1
Ford,Mustang,2014,Red,4,-1
Ford,Mustang,2003,Yellow,4,-1
Ford,Mustang,2012,Gray,4,-1
Ford,Mustang,2014,Gray,4,-1
Ford,Mustang,2017,Yellow,4,-1
Ford,Mustang,2015,White,4,-1
Ford,Mustang,2008,Red,4,-1
Ford,Mustang,2000,White,4,-1
Ford,Mustang,2006,Black,4,-1
Ford,Mustang,2011,Red,4,-1
Ford,Mustang,2009,Blue,4,-1
Ford,Mustang,2008,Brown,4,-1
Ford,Mustang,2006,Gray,4,-1
Ford,Mustang,2010,Blue,4,-1
Ford,Mustang,2015,Red,4,-1
Ford,Mustang,2012,Gray,4,-1
Ford,Mustang,2014,Black,4,-1
Ford,Mustang,2003,Yellow,4,-1
Ford,Mustang,2002,Black,4,-1
Ford,Mustang,2015,Silver,4,-1
Ford,Mustang,2009,Blue,4,-1
Ford,Mustang,2017,Yellow,4,-1
Ford,Mustang,2001,Red,4,-1
Ford,Mustang,2002,Red,4,-1
Ford,Mustang,2014,Yellow,4,-1
Ford,Mustang,2009,Gray,4,-1
Ford,Mustang,2014,Gray,4,-1
Ford,Mustang,2000,Blue,4,-1
Ford,Mustang,2000,Red,4,-1
Ford,Mustang,2013,Blue,4,-1
Ford,Mustang,1999,Blue,4,-1
Ford,Mustang,2004,Green,4,-1
Ford,Mustang,2003,Blue,4,-1
Ford,Mustang,2012,Yellow,4,-1
Ford,Mustang,2016,Silver,4,-1
Ford,Mustang,2005,Black,4,-1
Ford,Mustang,2017,Gray,4,-1
Ford,Mustang,2014,Silver,4,-1
Ford,Mustang,2015,Gray,4,-1
Ford,Mustang,2004,Brown,4,-1
Ford,Mustang,2004,Black,4,-1
Ford,Mustang,2010,Gray,4,-1
Ford,Mustang,2005,White,4,-1
Ford,Mustang,2012,Gray,4,-1
Ford,Mustang,2008,Green,4,-1
Ford,Mustang,2009,Black,4,-1
Ford,Mustang,2011,Yellow,4,-1
Ford,Mustang,2017,Silver,4,-1
Ford,Mustang,2003,Silver,4,-1
Ford,Mustang,1999,Gray,4,-1
Ford,Mustang,2012,Black,4,-1
Ford,Mustang,2011,White,4,-1
Ford,Mustang,2005,Blue,4,-1
Ford,Mustang,2001,White,4,-1
Ford,Mustang,2016,Gray,4,-1
Ford,Mustang,2007,Brown,4,-1
Ford,Mustang,2003,Red,4,-1
Ford,Mustang,2007,Brown,4,-1
Ford,Mustang,2006,Green,4,-1
Ford,Mustang,2004,White,4,-1
Ford,Mustang,2005,Silver,4,-1
Ford,Mustang,2014,Green,4,-1
Ford,Mustang,2008,Blue,4,-1
Ford,Mustang,2015,Gray,4,-1
Ford,Mustang,2008,Red,4,-1
Ford,Mustang,2009,White,4,-1
Ford,Mustang,2002,Black,4,-1
Ford,Mustang,2017,Brown,4,-1
Ford,Mustang,2006,Yellow,4,-1
Ford,Mustang,2012,Silver,4,-1
Ford,Mustang,2002,White,4,-1
Ford,Mustang,2010,Black,4,-1
Ford,Mustang,2015,Green,4,-1
Ford,Mustang,2005,Yellow,4,-1
Ford,Mustang,2007,Yellow,4,-1
Ford,Mustang,2012,Silver,4,-1
Ford,Mustang,2012,Red,4,-1
Ford,Mustang,2015,White,4,-1
Ford,Mustang,2004,Blue,4,-1
Ford,Mustang,2015,Blue,4,-1
Ford,Mustang,2005,Red,4,-1
Ford,Mustang,2003,Red,4,-1
Ford,Mustang,2008,Green,4,-1
Ford,Mustang,2007,Gray,4,-1
Ford,Mustang,2009,Green,4,-1
Ford,Mustang,2017,Gray,4,-1
Ford,Mustang,2014,Black,4,-1
Ford,Mustang,2013,Silver,4,-1
Ford,Mustang,2014,White,4,-1
Ford,Mustang,2000,Blue,4,-1
Ford,Mustang,2011,Yellow,4,-1
Ford,Mustang,2011,Gray,4,-1
Ford,Mustang,2014,White,4,-1
Ford,Mustang,2012,Silver,4,-1
Ford,Mustang,2006,Blue,4,-1
Ford,Mustang,2009,Yellow,4,-1
Ford,Mustang,2005,Blue,4,-1
Ford,Mustang,2015,Blue,4,-1
Ford,Mustang,2007,Red,4,-1
Ford,Mustang,2015,Green,4,-1
Ford,Mustang,1999,Yellow,4,-1
Ford,Mustang,2012,Brown,4,-1
Ford,Mustang,2007,Brown,4,-1
Ford,Mustang,2013,Silver,4,-1
Ford,Mustang,2005,Green,4,-1
Ford,Mustang,2003,Yellow,4,-1
Ford,Mustang,2016,Yellow,4,-1
Ford,Mustang,2013,Green,4,-1
Ford,Mustang,2014,Yellow,4,-1
Ford,Mustang,2017,Gray,4,-1
Ford,Mustang,2008,Blue,4,-1
Ford,Mustang,2001,Black,4,-1
Ford,Mustang,2005,Silver,4,-1
Ford,Mustang,2016,Yellow,4,-1
Ford,Mustang,2000,Blue,4,-1
Ford,Mustang,2016,Yellow,4,-1
Ford,Mustang,2013,Green,4,-1
Ford,Mustang,2012,Yellow,4,-1
Ford,Mustang,2002,Red,4,-1
Ford,Mustang,2013,Green,4,-1
Ford,Mustang,2011,Yellow,4,-1
Ford,Mustang,2013,Silver,4,-1
Ford,Mustang,2000,Red,4,-1
Ford,Mustang,2011,Yellow,4,-1
Ford,Mustang,2008,Yellow,4,-1
Ford,Mustang,2008,Yellow,4,-1
Ford,Mustang,2008,Brown,4,-1
Ford,Mustang,2000,Green,4,-1
Ford,Mustang,2013,Black,4,-1
Ford,Mustang,2009,Yellow,4,-1
Ford,Mustang,2017,White,4,-1
Ford,Mustang,2008,Silver,4,-1
Ford,Mustang,2008,White,4,-1
Ford,Mustang,2005,Red,4,-1
Ford,Mustang,2005,Black,4,-1
Ford,Mustang,2006,Black,4,-1
Ford,Mustang,2011,Yellow,4,-1
Ford,Mustang,2016,Blue,4,-1
Ford,Mustang,2009,Yellow,4,-1
Ford,Mustang,2012,White,4,-1
Ford,Mustang,2011,Silver,4,-1
Ford,Mustang,2000,Black,4,-1
Ford,Mustang,2008,Red,4,-1
Ford,Mustang,2017,Gray,4,-1
Ford,Mustang,2010,Silver,4,-1
Ford,Mustang,2009,Gray,4,-1
Ford,Mustang,2004,Red,4,-1
Ford,Mustang,2003,Blue,4,-1
Ford,Mustang,1999,Blue,4,-1
Ford,Mustang,2001,Black,4,-1
Ford,Mustang,2005,Gray,4,-1
Ford,Mustang,2014,White,4,-1
Ford,Mustang,2000,Black,4,-1
Ford,Mustang,2006,Red,4,-1
Ford,Mustang,2013,Red,4,-1
Ford,Mustang,2000,Brown,4,-1
Ford,Mustang,2014,Gray,4,-1
Ford,Mustang,2004,Red,4,-1
Ford,Mustang,2006,Blue,4,-1
Ford,Mustang,2001,Red,4,-1
Ford,Mustang,2000,White,4,-1
Ford,Mustang,2004,Gray,4,-1
Ford,Mustang,2003,Red,4,-1
Ford,Mustang,2001,Black,4,-1
Ford,Mustang,2008,Black,4,-1
Ford,Mustang,2006,Yellow,4,-1
Ford,Mustang,2006,Green,4,-1
Ford,Mustang,2014,Black,4,-1
Ford,Mustang,2002,Blue,4,-1
Ford,Mustang,2017,Brown,4,-1
Ford,Mustang,2007,Brown,4,-1
Ford,Mustang,2007,Red,4,-1
Ford,Mustang,2004,Blue,4,-1
Ford,Mustang,2008,Brown,4,-1
Ford,Mustang,2002,Blue,4,-1
Ford,Mustang,2015,Black,4,-1
Ford,Mustang,2001,Silver,4,-1
Ford,Mustang,2011,White,4,-1
Ford,Mustang,2012,Gray,4,-1
Ford,Mustang,2003,Black,4,-1
Ford,Mustang,2011,Red,4,-1
Ford,Mustang,2001,White,4,-1
Ford,Mustang,2004,Black,4,-1
Ford,Mustang,2007,Silver,4,-1
Ford,Mustang,2005,Gray,4,-1
Ford,Mustang,2003,Brown,4,-1
Ford,Mustang,2011,Green,4,-1
Ford,Mustang,1999,White,4,-1
Ford,Mustang,2013,Gray,4,-1
Ford,Mustang,2000,Red,4,-1
Chevrolet,Cruze,2001,Red,4,-1
Chevrolet,Cruze,2007,Brown,4,-1
Chevrolet,Cruze,2004,Black,4,-1
Chevrolet,Cruze,2006,Silver,4,-1
Chevrolet,Cruze,2006,Silver,4,-1
Chevrolet,Cruze,2009,Green,4,-1
Chevrolet,Cruze,2004,Gray,4,-1
Chevrolet,Cruze,2006,Yellow,4,-1
Chevrolet,Cruze,2004,Red,4,-1
Chevrolet,Cruze,2000,Silver,4,-1
Chevrolet,Cruze,2003,Red,4,-1
Chevrolet,Cruze,2006,Green,4,-1
Chevrolet,Cruze,2009,Red,4,-1
Chevrolet,Cruze,2007,White,4,-1
Chevrolet,Cruze,2000,Blue,4,-1
Chevrolet,Cruze,2003,Red,4,-1
Chevrolet,Cruze,2017,Red,4,-1
Chevrolet,Cruze,1999,White,4,-1
Chevrolet,Cruze,2014,Yellow,4,-1
Chevrolet,Cruze,2012,Silver,4,-1
Chevrolet,Cruze,2013,Gray,4,-1
Chevrolet,Cruze,2005,Black,4,-1
Chevrolet,Cruze,2007,Black,4,-1
Chevrolet,Cruze,2001,Gray,4,-1
Chevrolet,Cruze,2017,Blue,4,-1
Chevrolet,Cruze,2010,Blue,4,-1
Chevrolet,Cruze,2005,Red,4,-1
Chevrolet,Cruze,2011,Green,4,-1
Chevrolet,Cruze,2013,Blue,4,-1
Chevrolet,Cruze,2006,White,4,-1
Chevrolet,Cruze,2017,Silver,4,-1
Chevrolet,Cruze,2004,Silver,4,-1
Chevrolet,Cruze,2016,Red,4,-1
Chevrolet,Cruze,2001,Silver,4,-1
Chevrolet,Cruze,2001,Green,4,-1
Chevrolet,Cruze,2017,Black,4,-1
Chevrolet,Cruze,2005,Blue,4,-1
Chevrolet,Cruze,2006,Blue,4,-1
Chevrolet,Cruze,2000,Brown,4,-1
Chevrolet,Cruze,2013,Blue,4,-1
Chevrolet,Cruze,2012,Brown,4,-1
Chevrolet,Cruze,2006,Gray,4,-1
Chevrolet,Cruze,2001,White,4,-1
Chevrolet,Cruze,2009,Green,4,-1
Chevrolet,Cruze,2010,Red,4,-1
Chevrolet,Cruze,2017,White,4,-1
Chevrolet,Cruze,2012,Gray,4,-1
Chevrolet,Cruze,2012,Red,4,-1
Chevrolet,Cruze,2007,White,4,-1
Chevrolet,Cruze,2001,Blue,4,-1
Chevrolet,Cruze,2000,Blue,4,-1
Chevrolet,Cruze,2012,Blue,4,-1
Chevrolet,Cruze,2010,Yellow,4,-1
Chevrolet,Cruze,2005,Gray,4,-1
Chevrolet,Cruze,2015,Blue,4,-1
Chevrolet,Cruze,2007,Yellow,4,-1
Chevrolet,Cruze,2013,Silver,4,-1
Chevrolet,Cruze,2004,Blue,4,-1
Chevrolet,Cruze,2013,Gray,4,-1
Chevrolet,Cruze,2000,Red,4,-1
Chevrolet,Cruze,2009,Silver,4,-1
Chevrolet,Cruze,2003,Brown,4,-1
Chevrolet,Cruze,2013,White,4,-1
Chevrolet,Cruze,2000,Gray,4,-1
Chevrolet,Cruze,2005,Blue,4,-1
Chevrolet,Cruze,2011,Red,4,-1
Chevrolet,Cruze,2011,Yellow,4,-1
Chevrolet,Cruze,2017,Silver,4,-1
Chevrolet,Cruze,2016,Green,4,-1
Chevrolet,Cruze,2009,Red,4,-1
Chevrolet,Cruze,2002,Green,4,-1
Chevrolet,Cruze,2011,Gray,4,-1
Chevrolet,Cruze,2014,Gray,4,-1
Chevrolet,Cruze,2016,Gray,4,-1
Chevrolet,Cruze,2002,Silver,4,-1
Chevrolet,Cruze,2010,Gray,4,-1
Chevrolet,Cruze,2005,Silver,4,-1
Chevrolet,Cruze,2007,Brown,4,-1
Chevrolet,Cruze,2013,Brown,4,-1
Chevrolet,Cruze,2003,Blue,4,-1
Chevrolet,Cruze,2009,Black,4,-1
Chevrolet,Cruze,2002,Green,4,-1
Chevrolet,Cruze,2007,Black,4,-1
Chevrolet,Cruze,2014,Blue,4,-1
Chevrolet,Cruze,2013,Yellow,4,-1
Chevrolet,Cruze,2012,Brown,4,-1
Chevrolet,Cruze,2006,White,4,-1
Chevrolet,Cruze,2000,Silver,4,-1
Chevrolet,Cruze,2017,Blue,4,-1
Chevrolet,Cruze,2017,Gray,4,-1
Chevrolet,Cruze,2005,Blue,4,-1
Chevrolet,Cruze,2002,Blue,4,-1
Chevrolet,Cruze,2000,Brown,4,-1
Chevrolet,Cruze,2014,Red,4,-1
Chevrolet,Cruze,2007,Gray,4,-1
Chevrolet,Cruze,2003,Yellow,4,-1
Chevrolet,Cruze,2006,Blue,4,-1
Chevrolet,Cruze,2012,Gray,4,-1
Chevrolet,Cruze,2009,White,4,-1
Chevrolet,Cruze,2007,Red,4,-1
Chevrolet,Cruze,2017,Blue,4,-1
Chevrolet,Cruze,2009,Green,4,-1
Chevrolet,Cruze,2005,Yellow,4,-1
Chevrolet,Cruze,1999,Gray,4,-1
Chevrolet,Cruze,2016,Silver,4,-1
Chevrolet,Cruze,2016,Red,4,-1
Chevrolet,Cruze,1999,White,4,-1
Chevrolet,Cruze,2007,Green,4,-1
Chevrolet,Cruze,2001,Green,4,-1
Chevrolet,Cruze,2006,White,4,-1
Chevrolet,Cruze,2008,Blue,4,-1
Chevrolet,Cruze,2002,Silver,4,-1
Chevrolet,Cruze,2008,Red,4,-1
Chevrolet,Cruze,2009,Black,4,-1
Chevrolet,Cruze,2005,Silver,4,-1
Chevrolet,Cruze,2005,Gray,4,-1
Chevrolet,Cruze,2007,Brown,4,-1
Chevrolet,Cruze,2008,White,4,-1
Chevrolet,Cruze,2000,White,4,-1
Chevrolet,Cruze,2017,Yellow,4,-1
Chevrolet,Cruze,2008,Green,4,-1
Chevrolet,Cruze,2009,White,4,-1
Chevrolet,Cruze,2004,Yellow,4,-1
Chevrolet,Cruze,2012,Brown,4,-1
Chevrolet,Cruze,2013,Brown,4,-1
Chevrolet,Cruze,2014,Yellow,4,-1
Chevrolet,Cruze,2013,Yellow,4,-1
Chevrolet,Cruze,2004,Silver,4,-1
Chevrolet,Cruze,2016,Black,4,-1
Chevrolet,Cruze,1999,Yellow,4,-1
Chevrolet,Cruze,2005,Blue,4,-1
Chevrolet,Cruze,2008,Yellow,4,-1
Chevrolet,Cruze,2017,Gray,4,-1
Chevrolet,Cruze,2016,Yellow,4,-1
Chevrolet,Cruze,2011,Brown,4,-1
Chevrolet,Cruze,1999,Blue,4,-1
Chevrolet,Cruze,2007,Gray,4,-1
Chevrolet,Cruze,2002,Gray,4,-1
Chevrolet,Cruze,2005,Green,4,-1
Chevrolet,Cruze,2015,Blue,4,-1
Chevrolet,Cruze,2016,Black,4,-1
Chevrolet,Cruze,2000,Black,4,-1
Chevrolet,Cruze,2013,White,4,-1
Chevrolet,Cruze,2014,Yellow,4,-1
Chevrolet,Cruze,2005,Blue,4,-1
Chevrolet,Cruze,2002,Blue,4,-1
Chevrolet,Cruze,2016,Gray,4,-1
Chevrolet,Cruze,2007,Black,4,-1
Chevrolet,Cruze,2003,Blue,4,-1
Chevrolet,Cruze,2009,Green,4,-1
Chevrolet,Cruze,1999,Gray,4,-1
Chevrolet,Cruze,2015,Silver,4,-1
Chevrolet,Cruze,2011,Black,4,-1
Chevrolet,Cruze,2017,Yellow,4,-1
Chevrolet,Cruze,1999,Gray,4,-1
Chevrolet,Cruze,2003,Yellow,4,-1
Chevrolet,Cruze,2002,Green,4,-1
Chevrolet,Cruze,2007,Blue,4,-1
Chevrolet,Cruze,2005,Red,4,-1
Chevrolet,Cruze,2005,White,4,-1
Chevrolet,Cruze,2012,Silver,4,-1
Chevrolet,Cruze,2008,White,4,-1
Chevrolet,Cruze,2013,Yellow,4,-1
Chevrolet,Cruze,2007,Brown,4,-1
Chevrolet,Cruze,2008,Green,4,-1
Chevrolet,Cruze,2008,Yellow,4,-1
Chevrolet,Cruze,2007,Silver,4,-1
Chevrolet,Cruze,2010,Yellow,4,-1
Chevrolet,Cruze,2012,Red,4,-1
Chevrolet,Cruze,1999,Gray,4,-1
Chevrolet,Cruze,2001,White,4,-1
Chevrolet,Cruze,2000,Silver,4,-1
Chevrolet,Cruze,2000,Gray,4,-1
Chevrolet,Cruze,2010,Blue,4,-1
Chevrolet,Cruze,2011,White,4,-1
Chevrolet,Cruze,2005,Yellow,4,-1
Chevrolet,Cruze,2016,Yellow,4,-1
Chevrolet,Cruze,2015,Red,4,-1
Chevrolet,Cruze,2005,Yellow,4,-1
Chevrolet,Cruze,2005,Black,4,-1
Chevrolet,Cruze,2002,Red,4,-1
Chevrolet,Cruze,2000,Red,4,-1
Chevrolet,Cruze,2013,Brown,4,-1
Chevrolet,Cruze,2009,Brown,4,-1
Chevrolet,Cruze,2000,Red,4,-1
Chevrolet,Cruze,2017,Red,4,-1
Chevrolet,Cruze,2017,Black,4,-1
Chevrolet,Cruze,2008,Red,4,-1
Chevrolet,Cruze,2016,Silver,4,-1
Chevrolet,Cruze,2001,Black,4,-1
Chevrolet,Cruze,2005,Brown,4,-1
Chevrolet,Cruze,2010,Green,4,-1
Chevrolet,Cruze,2009,Blue,4,-1
Chevrolet,Cruze,2015,Blue,4,-1
Chevrolet,Cruze,2000,White,4,-1
Chevrolet,Cruze,2012,Blue,4,-1
Chevrolet,Cruze,2012,Black,4,-1
Chevrolet,Cruze,2014,Brown,4,-1
Chevrolet,Cruze,2012,Green,4,-1
Chevrolet,Cruze,2015,White,4,-1
Chevrolet,Cruze,2017,Red,4,-1
Chevrolet,Cruze,2000,Blue,4,-1
Chevrolet,Cruze,2007,Green,4,-1
Chevrolet,Cruze,2007,Red,4,-1
Chevrolet,Cruze,2014,Green,4,-1
Chevrolet,Cruze,2003,Brown,4,-1
Chevrolet,Cruze,2012,Red,4,-1
Chevrolet,Cruze,2000,Blue,4,-1
Chevrolet,Cruze,2010,Silver,4,-1
Chevrolet,Cruze,2013,Red,4,-1
Chevrolet,Cruze,2002,Gray,4,-1
Chevrolet,Cruze,2007,Black,4,-1
Chevrolet,Cruze,2002,Brown,4,-1
Chevrolet,Cruze,1999,Brown,4,-1
Chevrolet,Cruze,2002,Gray,4,-1
Chevrolet,Cruze,2015,Yellow,4,-1
Chevrolet,Cruze,2001,Red,4,-1
Chevrolet,Cruze,2009,Gray,4,-1
Chevrolet,Cruze,2016,Yellow,4,-1
Chevrolet,Cruze,2014,Yellow,4,-1
Chevrolet,Cruze,2001,Red,4,-1
Chevrolet,Cruze,2000,Gray,4,-1
Chevrolet,Cruze,2002,Yellow,4,-1
Chevrolet,Cruze,2015,Red,4,-1
Chevrolet,Cruze,2005,Black,4,-1
Chevrolet,Cruze,1999,White,4,-1
Chevrolet,Cruze,2000,Blue,4,-1
Chevrolet,Malibu,2016,Black,4,-1
Chevrolet,Malibu,2006,Gray,4,-1
Chevrolet,Malibu,2005,Brown,4,-1
Chevrolet,Malibu,2008,Silver,4,-1
Chevrolet,Malibu,2000,Silver,4,-1
Chevrolet,Malibu,2002,Red,4,-1
Chevrolet,Malibu,2009,Brown,4,-1
Chevrolet,Malibu,2009,White,4,-1
Chevrolet,Malibu,2015,Silver,4,-1
Chevrolet,Malibu,2012,Blue,4,-1
Chevrolet,Malibu,2008,Red,4,-1
Chevrolet,Malibu,2009,Blue,4,-1
Chevrolet,Malibu,2007,White,4,-1
Chevrolet,Malibu,1999,Black,4,-1
Chevrolet,Malibu,1999,Yellow,4,-1
Chevrolet,Malibu,1999,Black,4,-1
Chevrolet,Malibu,2015,Black,4,-1
Chevrolet,Malibu,2015,Brown,4,-1
Chevrolet,Malibu,2008,Gray,4,-1
Chevrolet,Malibu,2009,Brown,4,-1
Chevrolet,Malibu,2002,Green,4,-1
Chevrolet,Malibu,2013,Gray,4,-1
Chevrolet,Malibu,2001,Green,4,-1
Chevrolet,Malibu,2005,White,4,-1
Chevrolet,Malibu,2002,Brown,4,-1
Chevrolet,Malibu,2003,Brown,4,-1
Chevrolet,Malibu,2012,Silver,4,-1
Chevrolet,Malibu,2010,Green,4,-1
Chevrolet,Malibu,2001,Blue,4,-1
Chevrolet,Malibu,2006,Brown,4,-1
Chevrolet,Malibu,2012,Blue,4,-1
Chevrolet,Malibu,2017,Blue,4,-1
Chevrolet,Malibu,2010,Gray,4,-1
Chevrolet,Malibu,2006,Gray,4,-1
Chevrolet,Malibu,2008,Red,4,-1
Chevrolet,Malibu,2017,Yellow,4,-1
Chevrolet,Malibu,1999,Green,4,-1
Chevrolet,Malibu,1999,White,4,-1
Chevrolet,Malibu,2011,Silver,4,-1
Chevrolet,Malibu,2017,Blue,4,-1
Chevrolet,Malibu,2005,Blue,4,-1
Chevrolet,Malibu,2001,Black,4,-1
Chevrolet,Malibu,2008,Red,4,-1
Chevrolet,Malibu,1999,Blue,4,-1
Chevrolet,Malibu,2017,Yellow,4,-1
Chevrolet,Malibu,2015,Black,4,-1
Chevrolet,Malibu,2005,White,4,-1
Chevrolet,Malibu,2009,Red,4,-1
Chevrolet,Malibu,2012,Silver,4,-1
Chevrolet,Malibu,2016,Black,4,-1
Chevrolet,Malibu,2017,White,4,-1
Chevrolet,Malibu,2011,Green,4,-1
Chevrolet,Malibu,2010,Gray,4,-1
Chevrolet,Malibu,2012,Green,4,-1
Chevrolet,Malibu,2003,Red,4,-1
Chevrolet,Malibu,2015,Yellow,4,-1
Chevrolet,Malibu,2002,Brown,4,-1
Chevrolet,Malibu,2015,Gray,4,-1
Chevrolet,Malibu,2006,Red,4,-1
Chevrolet,Malibu,2012,White,4,-1
Chevrolet,Malibu,2002,Brown,4,-1
Chevrolet,Malibu,2002,Green,4,-1
Chevrolet,Malibu,2004,Black,4,-1
Chevrolet,Malibu,2012,Red,4,-1
Chevrolet,Malibu,2002,Green,4,-1
Chevrolet,Malibu,2007,Blue,4,-1
Chevrolet,Malibu,2017,Black,4,-1
Chevrolet,Malibu,2002,Red,4,-1
Chevrolet,Malibu,2004,Silver,4,-1
Chevrolet,Malibu,2005,Yellow,4,-1
Chevrolet,Malibu,2002,Brown,4,-1
Chevrolet,Malibu,2004,Silver,4,-1
Chevrolet,Malibu,2011,Black,4,-1
Chevrolet,Malibu,2001,Yellow,4,-1
Chevrolet,Malibu,2006,Brown,4,-1
Chevrolet,Malibu,2016,Brown,4,-1
Chevrolet,Malibu,1999,White,4,-1
Chevrolet,Malibu,2000,White,4,-1
Chevrolet,Malibu,2002,Blue,4,-1
Chevrolet,Malibu,1999,Black,4,-1
Chevrolet,Malibu,2007,White,4,-1
Chevrolet,Malibu,2002,Silver,4,-1
Chevrolet,Malibu,2006,Green,4,-1
Chevrolet,Malibu,2007,White,4,-1
Chevrolet,Malibu,2013,Black,4,-1
Chevrolet,Malibu,2006,Yellow,4,-1
Chevrolet,Malibu,2009,Black,4,-1
Chevrolet,Malibu,2006,Green,4,-1
Chevrolet,Malibu,2016,Black,4,-1
Chevrolet,Malibu,2005,Yellow,4,-1
Chevrolet,Malibu,2011,Blue,4,-1
Chevrolet,Malibu,2002,Yellow,4,-1
Chevrolet,Malibu,2016,Blue,4,-1
Chevrolet,Malibu,2016,Green,4,-1
Chevrolet,Malibu,2006,Red,4,-1
Chevrolet,Malibu,2011,White,4,-1
Chevrolet,Malibu,2016,Gray,4,-1
Chevrolet,Malibu,2007,Yellow,4,-1
Chevrolet,Malibu,2000,Blue,4,-1
Chevrolet,Malibu,2001,Red,4,-1
Chevrolet,Malibu,2001,Gray,4,-1
Chevrolet,Malibu,2001,Blue,4,-1
Chevrolet,Malibu,2002,Blue,4,-1
Chevrolet,Malibu,1999,Black,4,-1
Chevrolet,Malibu,1999,Silver,4,-1
Chevrolet,Malibu,2017,Yellow,4,-1
Chevrolet,Malibu,2016,Red,4,-1
Chevrolet,Malibu,2009,Yellow,4,-1
Chevrolet,Malibu,2017,White,4,-1
Chevrolet,Malibu,2010,Silver,4,-1
Chevrolet,Malibu,2001,Red,4,-1
Chevrolet,Malibu,2017,Blue,4,-1
Chevrolet,Malibu,2013,Gray,4,-1
Chevrolet,Malibu,2010,Red,4,-1
Chevrolet,Malibu,2015,Brown,4,-1
Chevrolet,Malibu,2009,Blue,4,-1
Chevrolet,Malibu,2008,Gray,4,-1
Chevrolet,Malibu,2006,Red,4,-1
Chevrolet,Malibu,2012,Brown,4,-1
Chevrolet,Malibu,2004,Brown,4,-1
Chevrolet,Malibu,2010,Black,4,-1
Chevrolet,Malibu,2011,Red,4,-1
Chevrolet,Malibu,2003,White,4,-1
Chevrolet,Malibu,2002,Black,4,-1
Chevrolet,Malibu,2000,White,4,-1
Chevrolet,Malibu,2012,Black,4,-1
Chevrolet,Malibu,2015,Red,4,-1
Chevrolet,Malibu,2004,Black,4,-1
Chevrolet,Malibu,2012,White,4,-1
Chevrolet,Malibu,2017,Black,4,-1
Chevrolet,Malibu,2000,Yellow,4,-1
Chevrolet,Malibu,2009,Blue,4,-1
Chevrolet,Malibu,2010,Silver,4,-1
Chevrolet,Malibu,2003,Brown,4,-1
Chevrolet,Malibu,2011,Yellow,4,-1
Chevrolet,Malibu,2016,Brown,4,-1
Chevrolet,Malibu,2010,Yellow,4,-1
Chevrolet,Malibu,2006,Blue,4,-1
Chevrolet,Malibu,2014,Gray,4,-1
Chevrolet,Malibu,2005,Silver,4,-1
Chevrolet,Malibu,2017,Gray,4,-1
Chevrolet,Malibu,2012,Brown,4,-1
Chevrolet,Malibu,2015,Silver,4,-1
Chevrolet,Malibu,2010,Silver,4,-1
Chevrolet,Malibu,2014,Blue,4,-1
Chevrolet,Malibu,2006,Silver,4,-1
Chevrolet,Malibu,2006,Black,4,-1
Chevrolet,Malibu,2005,Blue,4,-1
Chevrolet,Malibu,2007,White,4,-1
Chevrolet,Malibu,2011,Brown,4,-1
Chevrolet,Malibu,2001,Silver,4,-1
Chevrolet,Malibu,2008,Blue,4,-1
Chevrolet,Malibu,2017,Blue,4,-1
Chevrolet,Malibu,2011,Silver,4,-1
Chevrolet,Malibu,2014,Blue,4,-1
Chevrolet,Malibu,2010,Green,4,-1
Chevrolet,Malibu,2016,Black,4,-1
Chevrolet,Malibu,2002,Red,4,-1
Chevrolet,Malibu,2007,White,4,-1
Chevrolet,Malibu,2014,Brown,4,-1
Chevrolet,Malibu,2011,Gray,4,-1
Chevrolet,Malibu,2006,Silver,4,-1
Chevrolet,Malibu,2008,White,4,-1
Chevrolet,Malibu,2004,Black,4,-1
Chevrolet,Malibu,2008,Blue,4,-1
Chevrolet,Malibu,2004,Yellow,4,-1
Chevrolet,Malibu,2015,Brown,4,-1
Chevrolet,Malibu,2009,Brown,4,-1
Chevrolet,Malibu,2014,Silver,4,-1
Chevrolet,Malibu,2016,Red,4,-1
Chevrolet,Malibu,2008,Green,4,-1
Chevrolet,Malibu,2006,Blue,4,-1
Chevrolet,Malibu,2017,Gray,4,-1
Chevrolet,Malibu,2003,Brown,4,-1
Chevrolet,Malibu,1999,Yellow,4,-1
Chevrolet,Malibu,2004,Yellow,4,-1
Chevrolet,Malibu,2011,Brown,4,-1
Chevrolet,Malibu,2013,Silver,4,-1
Chevrolet,Malibu,1999,Brown,4,-1
Chevrolet,Malibu,2014,Green,4,-1
Chevrolet,Malibu,2014,Silver,4,-1
Chevrolet,Malibu,2014,Silver,4,-1
Chevrolet,Malibu,2010,Red,4,-1
Chevrolet,Malibu,2005,White,4,-1
Chevrolet,Malibu,2017,Black,4,-1
Chevrolet,Malibu,2002,Yellow,4,-1
Chevrolet,Malibu,2005,Brown,4,-1
Chevrolet,Malibu,2012,Blue,4,-1
Chevrolet,Malibu,2007,Red,4,-1
Chevrolet,Malibu,2002,Blue,4,-1
Chevrolet,Malibu,2005,White,4,-1
Chevrolet,Malibu,2013,White,4,-1
Chevrolet,Malibu,2014,Black,4,-1
Chevrolet,Malibu,2003,Brown,4,-1
Chevrolet,Malibu,2002,Black,4,-1
Chevrolet,Malibu,2008,White,4,-1
Chevrolet,Malibu,2011,Blue,4,-1
Chevrolet,Malibu,2016,Yellow,4,-1
Chevrolet,Malibu,2008,Silver,4,-1
Chevrolet,Malibu,2001,Red,4,-1
Chevrolet,Malibu,2003,Red,4,-1
Chevrolet,Malibu,2011,Gray,4,-1
Chevrolet,Malibu,2014,Yellow,4,-1
Chevrolet,Malibu,2006,Silver,4,-1
Chevrolet,Malibu,2012,Brown,4,-1
Chevrolet,Malibu,2005,White,4,-1
Chevrolet,Malibu,2013,Silver,4,-1
Chevrolet,Malibu,2003,Brown,4,-1
Chevrolet,Malibu,2016,Black,4,-1
Chevrolet,Malibu,2007,Black,4,-1
Chevrolet,Malibu,2013,Gray,4,-1
Chevrolet,Impala,2017,Blue,4,-1
Chevrolet,Impala,2010,Silver,4,-1
Chevrolet,Impala,2007,White,4,-1
Chevrolet,Impala,2008,Black,4,-1
Chevrolet,Impala,2011,Blue,4,-1
Chevrolet,Impala,2007,Blue,4,-1
Chevrolet,Impala,2009,Silver,4,-1
Chevrolet,Impala,2004,Silver,4,-1
Chevrolet,Impala,2003,Gray,4,-1
Chevrolet,Impala,2003,Gray,4,-1
Chevrolet,Impala,2005,Yellow,4,-1
Chevrolet,Impala,2002,Green,4,-1
Chevrolet,Impala,2002,Gray,4,-1
Chevrolet,Impala,2012,Green,4,-1
Chevrolet,Impala,2003,Black,4,-1
Chevrolet,Impala,2010,Blue,4,-1
Chevrolet,Impala,2016,Yellow,4,-1
Chevrolet,Impala,2008,Green,4,-1
Chevrolet,Impala,2005,Gray,4,-1
Chevrolet,Impala,2006,Red,4,-1
Chevrolet,Impala,2013,Black,4,-1
Chevrolet,Impala,2013,Yellow,4,-1
Chevrolet,Impala,2010,Brown,4,-1
Chevrolet,Impala,2003,Brown,4,-1
Chevrolet,Impala,2010,Black,4,-1
Chevrolet,Impala,2015,Blue,4,-1
Chevrolet,Impala,2001,White,4,-1
Chevrolet,Impala,2013,Blue,4,-1
Chevrolet,Impala,1999,Black,4,-1
Chevrolet,Impala,2004,Green,4,-1
Chevrolet,Impala,2015,Brown,4,-1
Chevrolet,Impala,2005,Brown,4,-1
Chevrolet,Impala,2010,Red,4,-1
Chevrolet,Impala,2006,Silver,4,-1
Chevrolet,Impala,2005,Black,4,-1
Chevrolet,Impala,2001,White,4,-1
Chevrolet,Impala,2011,Red,4,-1
Chevrolet,Impala,2002,Blue,4,-1
Chevrolet,Impala,2003,Blue,4,-1
Chevrolet,Impala,2013,Red,4,-1
Chevrolet,Impala,2009,Blue,4,-1
Chevrolet,Impala,2017,Black,4,-1
Chevrolet,Impala,2017,White,4,-1
Chevrolet,Impala,2005,Black,4,-1
Chevrolet,Impala,2003,Black,4,-1
Chevrolet,Impala,2011,Blue,4,-1
Chevrolet,Impala,2014,Black,4,-1
Chevrolet,Impala,2002,Brown,4,-1
Chevrolet,Impala,2016,Black,4,-1
Chevrolet,Impala,2006,Blue,4,-1
Chevrolet,Impala,2000,Red,4,-1
Chevrolet,Impala,2009,Red,4,-1
Chevrolet,Impala,2017,White,4,-1
Chevrolet,Impala,2008,Green,4,-1
Chevrolet,Impala,2012,Gray,4,-1
Chevrolet,Impala,2003,Red,4,-1
Chevrolet,Impala,2000,Green,4,-1
Chevrolet,Impala,2011,Black,4,-1
Chevrolet,Impala,2006,Brown,4,-1
Chevrolet,Impala,2002,White,4,-1
Chevrolet,Impala,2017,Silver,4,-1
Chevrolet,Impala,2004,Yellow,4,-1
Chevrolet,Impala,2017,Gray,4,-1
Chevrolet,Impala,2001,Gray,4,-1
Chevrolet,Impala,2014,Blue,4,-1
Chevrolet,Impala,2009,Blue,4,-1
Chevrolet,Impala,2004,White,4,-1
Chevrolet,Impala,2003,Black,4,-1
Chevrolet,Impala,2004,White,4,-1
Chevrolet,Impala,2006,Yellow,4,-1
Chevrolet,Impala,2006,Gray,4,-1
Chevrolet,Impala,2011,White,4,-1
Chevrolet,Impala,2014,Green,4,-1
Chevrolet,Impala,2000,Gray,4,-1
Chevrolet,Impala,2010,Blue,4,-1
Chevrolet,Impala,2006,Green,4,-1
Chevrolet,Impala,2004,Gray,4,-1
Chevrolet,Impala,2009,White,4,-1
Chevrolet,Impala,2008,Red,4,-1
Chevrolet,Impala,2003,Green,4,-1
Chevrolet,Impala,2004,Black,4,-1
Chevrolet,Impala,2012,Red,4,-1
Chevrolet,Impala,2013,Gray,4,-1
Chevrolet,Impala,1999,Yellow,4,-1
Chevrolet,Impala,2005,Blue,4,-1
Chevrolet,Impala,2007,Red,4,-1
Chevrolet,Impala,2005,Brown,4,-1
Chevrolet,Impala,2016,White,4,-1
Chevrolet,Impala,2003,Blue,4,-1
Chevrolet,Impala,2010,Red,4,-1
Chevrolet,Impala,2000,Silver,4,-1
Chevrolet,Impala,2006,Gray,4,-1
Chevrolet,Impala,2000,Gray,4,-1
Chevrolet,Impala,2001,Silver,4,-1
Chevrolet,Impala,2014,Yellow,4,-1
Chevrolet,Impala,2000,White,4,-1
Chevrolet,Impala,2010,Black,4,-1
Honda,Accord,2008,Black,4,-1
Honda,Accord,2005,Blue,4,-1
Honda,Accord,2008,Brown,4,-1
Honda,Accord,2010,Yellow,4,-1
Honda,Accord,2005,Yellow,4,-1
Honda,Accord,2008,Silver,4,-1
Honda,Accord,2001,White,4,-1
Honda,Accord,2007,White,4,-1
Honda,Accord,2015,Red,4,-1
Honda,Accord,2015,Silver,4,-1
Honda,Accord,2010,Red,4,-1
Honda,Accord,2008,Green,4,-1
Honda,Accord,2012,Black,4,-1
Honda,Accord,2016,White,4,-1
Honda,Accord,1999,Blue,4,-1
Honda,Accord,2000,Silver,4,-1
Honda,Accord,2003,Blue,4,-1
Honda,Accord,2002,Black,4,-1
Honda,Accord,2007,White,4,-1
Honda,Accord,2017,Yellow,4,-1
Honda,Accord,2000,Blue,4,-1
Honda,Accord,2014,Blue,4,-1
Honda,Accord,2001,Silver,4,-1
Honda,Accord,2009,Green,4,-1
Honda,Accord,2009,Red,4,-1
Honda,Accord,2012,Green,4,-1
Honda,Accord,2004,Blue,4,-1
Honda,Accord,2004,Green,4,-1
Honda,Accord,2017,Brown,4,-1
Honda,Accord,2005,Yellow,4,-1
Honda,Accord,2001,Yellow,4,-1
Honda,Accord,1999,Red,4,-1
Honda,Accord,2017,Black,4,-1
Honda,Accord,2016,Gray,4,-1
Honda,Accord,2007,Green,4,-1
Honda,Accord,2014,Black,4,-1
Honda,Accord,2011,Brown,4,-1
Honda,Accord,2009,Gray,4,-1
Honda,Accord,2007,Silver,4,-1
Honda,Accord,2016,White,4,-1
Honda,Accord,2000,Red,4,-1
Honda,Accord,2016,Gray,4,-1
Honda,Accord,2009,Blue,4,-1
Honda,Accord,2008,Brown,4,-1
Honda,Accord,2001,Black,4,-1
Honda,Accord,2005,Green,4,-1
Honda,Accord,2006,Gray,4,-1
Honda,Accord,2005,Silver,4,-1
Honda,Accord,2015,Red,4,-1
Honda,Accord,2012,Yellow,4,-1
Honda,Accord,2002,Yellow,4,-1
Honda,Accord,2016,Black,4,-1
Honda,Accord,2013,White,4,-1
Honda,Accord,1999,Yellow,4,-1
Honda,Civic,2001,Green,4,-1
Honda,Civic,1999,Black,4,-1
Honda,Civic,2012,Green,4,-1
Honda,Civic,2011,Green,4,-1
Honda,Civic,2015,Silver,4,-1
Honda,Civic,1999,Gray,4,-1
Honda,Civic,2006,Brown,4,-1
Honda,Civic,2010,Yellow,4,-1
Honda,Civic,2011,White,4,-1
Honda,Civic,2008,Blue,4,-1
Honda,Civic,2015,Silver,4,-1
Honda,Civic,2010,Blue,4,-1
Honda,Civic,2012,Black,4,-1
Honda,Civic,2009,Silver,4,-1
Honda,Civic,2015,White,4,-1
Honda,Civic,2004,Green,4,-1
Honda,Civic,2002,Silver,4,-1
Honda,Civic,2000,Black,4,-1
Honda,Civic,2016,Gray,4,-1
Honda,Civic,2009,Blue,4,-1
Honda,Civic,2001,Yellow,4,-1
Honda,Civic,2006,Silver,4,-1
Honda,Civic,2008,Silver,4,-1
Honda,Civic,2016,Blue,4,-1
Honda,Civic,2017,Silver,4,-1
Honda,Civic,2015,Yellow,4,-1
Honda,Civic,2002,Gray,4,-1
Honda,Civic,2012,Red,4,-1
Honda,Civic,2009,Brown,4,-1
Honda,Civic,2011,Red,4,-1
Honda,Civic,1999,Brown,4,-1
Honda,Civic,2007,Yellow,4,-1
Honda,Civic,2002,Red,4,-1
Honda,Civic,2011,White,4,-1
Honda,Civic,2010,Brown,4,-1
Honda,Civic,2016,Red,4,-1
Honda,Civic,2002,Green,4,-1
Honda,Civic,2014,Brown,4,-1
Honda,Civic,2005,Gray,4,-1
Honda,Civic,2003,Blue,4,-1
Honda,Civic,2003,Brown,4,-1
Honda,Civic,2016,Black,4,-1
Honda,Civic,2017,Red,4,-1
Honda,Civic,2006,Brown,4,-1
Honda,Civic,1999,Yellow,4,-1
Honda,Civic,2000,Silver,4,-1
Honda,Civic,2003,Silver,4,-1
Honda,Civic,2017,Brown,4,-1
Honda,Civic,2008,Green,4,-1
Honda,Civic,2012,Green,4,-1
Honda,Civic,2007,Blue,4,-1
Honda,Civic,2001,Brown,4,-1
Honda,Civic,2001,Brown,4,-1
Honda,Civic,1999,Brown,4,-1
Honda,Civic,2005,Red,4,-1
Honda,Civic,2004,Gray,4,-1
Honda,Civic,2001,Green,4,-1
Honda,Civic,2011,Gray,4,-1
Honda,Civic,2001,Brown,4,-1
Honda,Civic,2012,Red,4,-1
Honda,Civic,2014,Yellow,4,-1
Honda,Civic,2009,Black,4,-1
Honda,Civic,2002,Brown,4,-1
Honda,Civic,2003,Blue,4,-1
Honda,Civic,2002,Silver,4,-1
Honda,Civic,2013,Yellow,4,-1
Honda,Civic,2010,Yellow,4,-1
Honda,Civic,2001,Blue,4,-1
Honda,Civic,2005,Red,4,-1
Honda,Civic,2007,Gray,4,-1
Honda,Civic,2017,Red,4,-1
Honda,Civic,2016,Green,4,-1
Honda,Civic,2014,White,4,-1
Honda,Civic,2008,White,4,-1
Honda,Civic,2013,Silver,4,-1
Honda,Civic,2012,Blue,4,-1
Honda,Civic,2016,Blue,4,-1
Honda,Civic,2014,White,4,-1
Honda,Civic,2010,Gray,4,-1
Honda,Civic,2007,Red,4,-1
Honda,Civic,2017,Brown,4,-1
Honda,Civic,2014,Red,4,-1
Honda,Civic,2015,Yellow,4,-1
Honda,Civic,2008,Brown,4,-1
Honda,Civic,1999,Brown,4,-1
Honda,Civic,2008,Yellow,4,-1
Honda,Civic,2003,Yellow,4,-1
Honda,Civic,2016,Blue,4,-1
Honda,Civic,2009,White,4,-1
Honda,Civic,2013,Silver,4,-1
Honda,Civic,2006,Yellow,4,-1
Honda,Civic,2005,White,4,-1
Honda,Civic,1999,Silver,4,-1
Honda,Civic,2013,Green,4,-1
Honda,Civic,2008,White,4,-1
Honda,Civic,2001,Silver,4,-1
Honda,Civic,2013,Yellow,4,-1
Honda,Civic,2009,Silver,4,-1
Honda,Civic,2010,Silver,4,-1
Honda,Civic,2003,Gray,4,-1
Honda,Civic,2008,Black,4,-1
Honda,Civic,2016,Silver,4,-1
Honda,Civic,2005,Blue,4,-1
Honda,Civic,2007,Gray,4,-1
Honda,Civic,2012,Green,4,-1
Honda,Civic,1999,Gray,4,-1
Honda,Civic,2010,White,4,-1
Honda,Civic,2012,Brown,4,-1
Honda,Civic,2017,Brown,4,-1
Honda,Civic,1999,Black,4,-1
Honda,Civic,2014,Green,4,-1
Honda,Civic,2002,Yellow,4,-1
Honda,Civic,2008,Brown,4,-1
Honda,Civic,2006,Yellow,4,-1
Honda,Civic,2013,Green,4,-1
Honda,Civic,2002,Brown,4,-1
Honda,Civic,2008,Gray,4,-1
Honda,Civic,2008,Green,4,-1
Honda,Civic,2006,Yellow,4,-1
Honda,Civic,2016,Blue,4,-1
Honda,Civic,2014,Green,4,-1
Honda,Civic,1999,Brown,4,-1
Honda,Civic,2013,Brown,4,-1
Honda,Civic,2014,White,4,-1
Honda,Civic,2013,Red,4,-1
Honda,Civic,2002,Black,4,-1
Honda,Civic,2012,Silver,4,-1
Honda,Civic,2017,White,4,-1
Honda,Civic,2002,Green,4,-1
Honda,Civic,2016,Brown,4,-1
Honda,Civic,2013,Yellow,4,-1
Honda,Civic,2001,Blue,4,-1
Honda,Civic,2004,Green,4,-1
Honda,Civic,1999,Blue,4,-1
Honda,Civic,2004,Brown,4,-1
Honda,Civic,2000,White,4,-1
Honda,Civic,2017,Red,4,-1
Honda,Civic,2015,Red,4,-1
Honda,Civic,2013,Yellow,4,-1
Honda,Civic,2009,Gray,4,-1
Honda,Civic,2007,Green,4,-1
Honda,Civic,2017,Silver,4,-1
Honda,Civic,2005,Yellow,4,-1
Honda,Civic,2012,Silver,4,-1
Honda,Civic,2017,Green,4,-1
Honda,Civic,2002,Brown,4,-1
Honda,Fit,2005,Blue,4,-1
Honda,Fit,2013,Yellow,4,-1
Honda,Fit,2009,Red,4,-1
Honda,Fit,1999,Green,4,-1
Honda,Fit,2000,Red,4,-1
Honda,Fit,2003,Blue,4,-1
Honda,Fit,1999,Red,4,-1
Honda,Fit,2003,Brown,4,-1
Honda,Fit,2009,White,4,-1
Honda,Fit,2005,Gray,4,-1
Honda,Fit,2013,Gray,4,-1
Honda,Fit,2005,Red,4,-1
Honda,Fit,2014,Red,4,-1
Honda,Fit,2010,White,4,-1
Honda,Fit,2016,Black,4,-1
Honda,Fit,2013,Red,4,-1
Honda,Fit,2004,White,4,-1
Honda,Fit,2008,Brown,4,-1
Honda,Fit,2017,Brown,4,-1
Honda,Fit,1999,Black,4,-1
Honda,Fit,2015,Yellow,4,-1
Honda,Fit,2012,Blue,4,-1
Honda,Fit,2003,Black,4,-1
Honda,Fit,2004,Silver,4,-1
Honda,Fit,2001,Brown,4,-1
Honda,Fit,2004,Silver,4,-1
Honda,Fit,2001,Silver,4,-1
Honda,Fit,2014,Brown,4,-1
Honda,Fit,2006,Red,4,-1
Honda,Fit,2000,Red,4,-1
Honda,Fit,2009,Brown,4,-1
Honda,Fit,2016,Red,4,-1
Honda,Fit,2001,Green,4,-1
Honda,Fit,2015,Yellow,4,-1
Honda,Fit,2009,Silver,4,-1
Honda,Fit,2017,Gray,4,-1
Honda,Fit,2004,Yellow,4,-1
Honda,Fit,2006,Red,4,-1
Honda,Fit,2016,Red,4,-1
Honda,Fit,2011,Silver,4,-1
Honda,Fit,2016,Silver,4,-1
Honda,Fit,2005,Silver,4,-1
Honda,Fit,2009,Black,4,-1
Honda,Fit,2000,Red,4,-1
Honda,Fit,2001,Red,4,-1
Honda,Fit,2009,Green,4,-1
Honda,Fit,2011,Silver,4,-1
Honda,Fit,2002,Green,4,-1
Honda,Fit,2017,Silver,4,-1
Honda,Fit,2005,Gray,4,-1
Honda,Fit,2016,Black,4,-1
Honda,Fit,2013,Gray,4,-1
Honda,Fit,1999,Gray,4,-1
Honda,Fit,1999,Silver,4,-1
Honda,Fit,2012,Brown,4,-1
Honda,Fit,2005,Green,4,-1
Honda,Fit,1999,Brown,4,-1
Honda,Fit,2001,Brown,4,-1
Honda,Fit,2008,White,4,-1
Honda,Fit,2005,Brown,4,-1
Honda,Fit,2003,Red,4,-1
Honda,Fit,2010,Blue,4,-1
Honda,Fit,2010,Black,4,-1
Honda,Fit,2015,White,4,-1
Honda,Fit,2017,White,4,-1
Honda,Fit,2009,Gray,4,-1
Honda,Fit,2001,Yellow,4,-1
Honda,Fit,2014,Gray,4,-1
Honda,Fit,2006,Silver,4,-1
Honda,Fit,2002,Red,4,-1
Volkswagen,Passat,2007,Blue,4,-1
Volkswagen,Passat,2013,Gray,4,-1
Volkswagen,Passat,2010,White,4,-1
Volkswagen,Passat,2009,White,4,-1
Volkswagen,Passat,2004,Silver,4,-1
Volkswagen,Passat,1999,Gray,4,-1
Volkswagen,Passat,1999,Yellow,4,-1
Volkswagen,Passat,2017,Yellow,4,-1
Volkswagen,Passat,2002,Brown,4,-1
Volkswagen,Passat,2012,Red,4,-1
Volkswagen,Passat,2006,Blue,4,-1
Volkswagen,Passat,2016,Green,4,-1
Volkswagen,Passat,2010,Green,4,-1
Volkswagen,Passat,2002,Red,4,-1
Volkswagen,Passat,2014,White,4,-1
Volkswagen,Passat,2012,Silver,4,-1
Volkswagen,Passat,2010,White,4,-1
Volkswagen,Passat,2011,Red,4,-1
Volkswagen,Passat,2016,Black,4,-1
Volkswagen,Passat,2015,Black,4,-1
Volkswagen,Passat,2009,Yellow,4,-1
Volkswagen,Passat,2013,Gray,4,-1
Volkswagen,Passat,2012,Brown,4,-1
Volkswagen,Passat,2003,Black,4,-1
Volkswagen,Passat,2012,Blue,4,-1
Volkswagen,Passat,2004,Black,4,-1
Volkswagen,Passat,2011,Green,4,-1
Volkswagen,Passat,2002,Silver,4,-1
Volkswagen,Passat,2003,Brown,4,-1
Volkswagen,Passat,2000,Red,4,-1
Volkswagen,Passat,2013,Green,4,-1
Volkswagen,Passat,2015,Silver,4,-1
Volkswagen,Passat,2011,Red,4,-1
Volkswagen,Passat,2012,Brown,4,-1
Volkswagen,Passat,2013,Red,4,-1
Volkswagen,Passat,2007,Gray,4,-1
Volkswagen,Passat,2000,Black,4,-1
Volkswagen,Passat,2010,Black,4,-1
Volkswagen,Passat,2012,Gray,4,-1
Volkswagen,Passat,2010,White,4,-1
Volkswagen,Passat,2010,Silver,4,-1
Volkswagen,Passat,2017,Silver,4,-1
Volkswagen,Passat,2017,Silver,4,-1
Volkswagen,Passat,2013,White,4,-1
Volkswagen,Passat,2005,Red,4,-1
Volkswagen,Passat,1999,Gray,4,-1
Volkswagen,Passat,2007,Silver,4,-1
Volkswagen,Passat,2017,Blue,4,-1
Volkswagen,Passat,2014,Brown,4,-1
Volkswagen,Passat,2001,Red,4,-1
Volkswagen,Passat,2016,Red,4,-1
Volkswagen,Passat,2015,Blue,4,-1
Volkswagen,Passat,2017,Gray,4,-1
Volkswagen,Passat,2011,Silver,4,-1
Volkswagen,Passat,2008,Gray,4,-1
Volkswagen,Passat,2010,Blue,4,-1
Volkswagen,Passat,2016,Brown,4,-1
Volkswagen,Passat,2001,Yellow,4,-1
Volkswagen,Passat,2014,Brown,4,-1
Volkswagen,Passat,2003,Blue,4,-1
Volkswagen,Passat,2012,Red,4,-1
Volkswagen,Passat,2011,Red,4,-1
Volkswagen,Passat,1999,Gray,4,-1
Volkswagen,Passat,2011,Yellow,4,-1
Volkswagen,Passat,2012,Black,4,-1
Volkswagen,Passat,2012,Gray,4,-1
Volkswagen,Passat,2013,Silver,4,-1
Volkswagen,Passat,2015,Black,4,-1
Volkswagen,Passat,2003,Red,4,-1
Volkswagen,Passat,1999,Silver,4,-1
Volkswagen,Passat,2006,Black,4,-1
Volkswagen,Passat,2005,Brown,4,-1
Volkswagen,Passat,2009,Brown,4,-1
Volkswagen,Passat,2005,Green,4,-1
Volkswagen,Passat,2012,Green,4,-1
Volkswagen,Passat,2001,White,4,-1
Volkswagen,Passat,2001,Gray,4,-1
Volkswagen,Passat,2014,Brown,4,-1
Volkswagen,Passat,2009,Blue,4,-1
Volkswagen,Passat,2000,Yellow,4,-1
Volkswagen,Passat,2005,Green,4,-1
Volkswagen,Passat,2001,Brown,4,-1
Volkswagen,Passat,2013,Green,4,-1
Volkswagen,Passat,2004,Yellow,4,-1
Volkswagen,Passat,2003,Silver,4,-1
Volkswagen,Passat,2004,Silver,4,-1
Volkswagen,Passat,2007,White,4,-1
Volkswagen,Passat,1999,Black,4,-1
Volkswagen,Passat,2010,Silver,4,-1
Volkswagen,Passat,2010,Green,4,-1
Volkswagen,Passat,2012,Red,4,-1
Volkswagen,Passat,2006,Red,4,-1
Volkswagen,Passat,2000,Red,4,-1
Volkswagen,Passat,2005,Black,4,-1
Volkswagen,Passat,2008,Silver,4,-1
Volkswagen,Passat,2016,Silver,4,-1
Volkswagen,Passat,2000,White,4,-1
Volkswagen,Passat,2009,Blue,4,-1
Volkswagen,Passat,2013,Gray,4,-1
Volkswagen,Passat,2001,Blue,4,-1
Volkswagen,Passat,2002,Brown,4,-1
Volkswagen,Passat,2014,Gray,4,-1
Volkswagen,Passat,2015,Red,4,-1
Volkswagen,Passat,2005,Black,4,-1
Volkswagen,Passat,2007,White,4,-1
Volkswagen,Passat,2004,White,4,-1
Volkswagen,Passat,2016,Brown,4,-1
Volkswagen,Passat,2010,Black,4,-1
Volkswagen,Passat,2007,Green,4,-1
Volkswagen,Passat,2005,Brown,4,-1
Volkswagen,Passat,2015,White,4,-1
Volkswagen,Passat,2004,White,4,-1
Volkswagen,Passat,2017,Yellow,4,-1
Volkswagen,Passat,2014,Yellow,4,-1
Volkswagen,Passat,2012,Gray,4,-1
Volkswagen,Passat,1999,Green,4,-1
Volkswagen,Passat,2009,Silver,4,-1
Volkswagen,Passat,2010,Black,4,-1
Volkswagen,Passat,2013,White,4,-1
Volkswagen,Passat,2003,Silver,4,-1
Volkswagen,Passat,2016,Silver,4,-1
Volkswagen,Passat,2015,Silver,4,-1
Volkswagen,Passat,2012,White,4,-1
Volkswagen,Passat,2002,Yellow,4,-1
Volkswagen,Passat,2012,Yellow,4,-1
Volkswagen,Passat,2015,Silver,4,-1
Volkswagen,Passat,2002,Red,4,-1
Volkswagen,Passat,2007,Green,4,-1
Volkswagen,Passat,2004,Black,4,-1
Volkswagen,Passat,2004,Brown,4,-1
Volkswagen,Passat,2012,Green,4,-1
Volkswagen,Passat,2007,Green,4,-1
Volkswagen,Passat,2010,Green,4,-1
Volkswagen,Passat,1999,Gray,4,-1
Volkswagen,Passat,2005,Gray,4,-1
Volkswagen,Passat,2003,Red,4,-1
Volkswagen,Passat,2010,Green,4,-1
Volkswagen,Passat,2005,Silver,4,-1
Volkswagen,Passat,1999,Black,4,-1
Volkswagen,Passat,2012,White,4,-1
Volkswagen,Passat,2006,Black,4,-1
Volkswagen,Passat,2017,Silver,4,-1
Volkswagen,Passat,2000,Green,4,-1
Volkswagen,Passat,2001,Green,4,-1
Volkswagen,Passat,1999,Green,4,-1
Volkswagen,Passat,2008,Brown,4,-1
Volkswagen,Passat,2012,Yellow,4,-1
Volkswagen,Passat,2017,Red,4,-1
Volkswagen,Passat,2011,Blue,4,-1
Volkswagen,Passat,2006,Black,4,-1
Volkswagen,Passat,2009,Silver,4,-1
Volkswagen,Passat,2001,White,4,-1
Volkswagen,Passat,2011,Red,4,-1
Volkswagen,Passat,2002,Blue,4,-1
Volkswagen,Passat,2012,Blue,4,-1
Volkswagen,Passat,2017,Yellow,4,-1
Volkswagen,Passat,2012,Black,4,-1
Volkswagen,Passat,2010,Brown,4,-1
Volkswagen,Passat,2001,Yellow,4,-1
Volkswagen,Passat,2008,White,4,-1
Volkswagen,Passat,2017,White,4,-1
Volkswagen,Passat,2016,Silver,4,-1
Volkswagen,Passat,2001,Brown,4,-1
Volkswagen,Passat,2017,Brown,4,-1
Volkswagen,Passat,2015,Black,4,-1
Volkswagen,Passat,2005,Gray,4,-1
Volkswagen,Passat,2002,Red,4,-1
Volkswagen,Passat,2013,Silver,4,-1
Volkswagen,Passat,2001,Brown,4,-1
Volkswagen,Passat,2012,Silver,4,-1
Volkswagen,Passat,2015,Red,4,-1
Volkswagen,Passat,2009,Black,4,-1
Volkswagen,Passat,2007,Brown,4,-1
Volkswagen,Passat,2003,Silver,4,-1
Volkswagen,Passat,2003,Green,4,-1
Volkswagen,Passat,2009,Black,4,-1
Volkswagen,Passat,2017,Red,4,-1
Volkswagen,Passat,2014,Brown,4,-1
Volkswagen,Passat,2014,Silver,4,-1
Volkswagen,Passat,2006,Blue,4,-1
Volkswagen,Passat,2012,Green,4,-1
Volkswagen,Passat,2016,Black,4,-1
Volkswagen,Passat,2003,Green,4,-1
Volkswagen,Passat,2001,Brown,4,-1
Volkswagen,Passat,2017,Gray,4,-1
Volkswagen,Passat,1999,Red,4,-1
Volkswagen,Passat,2005,White,4,-1
Volkswagen,Passat,2008,Gray,4,-1
Volkswagen,Passat,2002,Red,4,-1
Volkswagen,Passat,2009,Blue,4,-1
Volkswagen,Passat,2003,Blue,4,-1
Volkswagen,Passat,2013,Black,4,-1
Volkswagen,Passat,2011,Blue,4,-1
Volkswagen,Passat,2006,Blue,4,-1
Volkswagen,Passat,2001,Blue,4,-1
Volkswagen,Passat,2011,Silver,4,-1
Volkswagen,Passat,2004,Green,4,-1
Volkswagen,Passat,2000,Yellow,4,-1
Volkswagen,Passat,1999,Red,4,-1
Volkswagen,Passat,2000,Black,4,-1
Volkswagen,Passat,2011,Yellow,4,-1
Volkswagen,Passat,2013,Silver,4,-1
Volkswagen,Passat,2016,Black,4,-1
Volkswagen,Passat,2017,Green,4,-1
Volkswagen,Passat,2004,Yellow,4,-1
Volkswagen,Passat,2010,Yellow,4,-1
Volkswagen,Passat,2004,Blue,4,-1
Volkswagen,Passat,2003,Red,4,-1
Volkswagen,Passat,2014,White,4,-1
Volkswagen,Passat,2003,Red,4,-1
Volkswagen,Passat,2004,Brown,4,-1
Volkswagen,Passat,2007,White,4,-1
Volkswagen,Passat,2006,Brown,4,-1
Volkswagen,Passat,2010,Red,4,-1
Volkswagen,Passat,2013,Silver,4,-1
Volkswagen,Passat,2001,Gray,4,-1
Volkswagen,Passat,2006,Gray,4,-1
Volkswagen,Passat,2000,Yellow,4,-1
Volkswagen,Passat,2013,Red,4,-1
Volkswagen,Passat,2001,Black,4,-1
Volkswagen,Passat,2013,Brown,4,-1
Volkswagen,Passat,2007,Green,4,-1
Volkswagen,Passat,2015,Yellow,4,-1
Volkswagen,Passat,2001,Green,4,-1
Volkswagen,Passat,2009,Gray,4,-1
Volkswagen,Passat,2006,White,4,-1
Volkswagen,Passat,1999,White,4,-1
Volkswagen,Passat,1999,Red,4,-1
Volkswagen,Passat,2008,Black,4,-1
Volkswagen,Passat,2000,Silver,4,-1
Volkswagen,Passat,2012,White,4,-1
Volkswagen,Passat,2014,Blue,4,-1
Volkswagen,Passat,2015,Black,4,-1
Volkswagen,Passat,2008,Green,4,-1
Volkswagen,Passat,2003,Red,4,-1
Volkswagen,Passat,2017,Black,4,-1
Volkswagen,Passat,2015,White,4,-1
Volkswagen,Passat,2015,Silver,4,-1
Volkswagen,Passat,2017,Silver,4,-1
Volkswagen,Passat,2017,Blue,4,-1
Volkswagen,Passat,2005,Gray,4,-1
Volkswagen,Passat,2017,Gray,4,-1
Volkswagen,Passat,2011,White,4,-1
Volkswagen,Passat,2008,Black,4,-1
Volkswagen,Passat,2006,Brown,4,-1
Volkswagen,Passat,2009,Brown,4,-1
Volkswagen,Passat,2015,Red,4,-1
Volkswagen,Passat,2003,Black,4,-1
Volkswagen,Passat,2002,White,4,-1
Volkswagen,Passat,2015,White,4,-1
Volkswagen,Passat,1999,Blue,4,-1
Volkswagen,Passat,2009,Green,4,-1
Volkswagen,Passat,2017,White,4,-1
Volkswagen,Passat,2002,Brown,4,-1
Volkswagen,Passat,2001,Yellow,4,-1
Volkswagen,Passat,2004,White,4,-1
Volkswagen,Passat,1999,Red,4,-1
Volkswagen,Passat,2010,Black,4,-1
Volkswagen,Passat,2009,Yellow,4,-1
Volkswagen,Passat,2003,Silver,4,-1
Volkswagen,Passat,2002,Blue,4,-1
Volkswagen,Passat,2016,Black,4,-1
Volkswagen,Passat,2004,Gray,4,-1
Volkswagen,Passat,2006,Silver,4,-1
Volkswagen,Passat,2001,Blue,4,-1
Volkswagen,Passat,2004,Brown,4,-1
Volkswagen,Passat,2010,Brown,4,-1
Volkswagen,Passat,2014,Silver,4,-1
Volkswagen,Passat,2002,Red,4,-1
Volkswagen,Passat,2005,Blue,4,-1
Volkswagen,Passat,2010,Gray,4,-1
Volkswagen,Passat,2003,Black,4,-1
Volkswagen,Passat,2017,Red,4,-1
Volkswagen,Passat,2005,Silver,4,-1
Volkswagen,Passat,2016,Yellow,4,-1
Volkswagen,Passat,2005,White,4,-1
Volkswagen,Passat,2008,Black,4,-1
Volkswagen,Passat,2009,Gray,4,-1
Volkswagen,Passat,2013,Brown,4,-1
Volkswagen,Passat,2016,Black,4,-1
Volkswagen,Passat,2011,Yellow,4,-1
Volkswagen,Passat,2006,White,4,-1
Volkswagen,Passat,2012,Green,4,-1
Volkswagen,Passat,2006,Red,4,-1
Volkswagen,Passat,2004,Red,4,-1
Volkswagen,Passat,1999,Red,4,-1
Volkswagen,Passat,2009,Brown,4,-1
Volkswagen,Passat,2000,Blue,4,-1
Volkswagen,Passat,2016,Yellow,4,-1
Volkswagen,Passat,2002,White,4,-1
Volkswagen,Passat,2001,Gray,4,-1
Volkswagen,Passat,2011,Yellow,4,-1
Volkswagen,Passat,2010,Green,4,-1
Volkswagen,Passat,2002,Blue,4,-1
Volkswagen,Passat,2004,Yellow,4,-1
Volkswagen,Passat,1999,Gray,4,-1
Volkswagen,Passat,2010,Blue,4,-1
Volkswagen,Passat,2004,Green,4,-1
Volkswagen,Passat,2008,Red,4,-1
Volkswagen,Passat,2016,Blue,4,-1
Volkswagen,Passat,2015,Red,4,-1
Volkswagen,Passat,2000,Red,4,-1
Volkswagen,Passat,2011,Black,4,-1
Volkswagen,Passat,2016,Red,4,-1
Volkswagen,Passat,2004,Black,4,-1
Volkswagen,Passat,2008,Yellow,4,-1
Volkswagen,Passat,2000,Green,4,-1
Volkswagen,Passat,2002,Silver,4,-1
Volkswagen,Passat,1999,Yellow,4,-1
Volkswagen,Passat,1999,Silver,4,-1
Volkswagen,Passat,2013,Yellow,4,-1
Volkswagen,Passat,2011,Silver,4,-1
Volkswagen,Passat,2015,Red,4,-1
Volkswagen,Passat,1999,Brown,4,-1
Volkswagen,Passat,2014,Gray,4,-1
Volkswagen,Passat,2001,Black,4,-1
Volkswagen,Passat,2012,White,4,-1
Volkswagen,Passat,2004,Brown,4,-1
Volkswagen,Passat,2007,Black,4,-1
Volkswagen,Passat,2008,Silver,4,-1
Volkswagen,Passat,2000,Black,4,-1
Volkswagen,Passat,2003,Black,4,-1
Volkswagen,Passat,2016,White,4,-1
Volkswagen,Passat,2001,Silver,4,-1
Volkswagen,Passat,2013,Yellow,4,-1
Volkswagen,Passat,1999,Green,4,-1
Volkswagen,Passat,2010,Red,4,-1
Volkswagen,Passat,2008,Red,4,-1
