Toyota,Tundra,2011,Yellow,4,-1
Toyota,Tundra,2003,Brown,4,-1
Toyota,Tundra,2011,Black,4,-1
Toyota,Tundra,2010,Red,4,-1
Toyota,Tundra,1999,Blue,4,-1
Toyota,Tundra,2002,Silver,4,-1
Toyota,Tundra,2002,White,4,-1
Toyota,Tundra,2008,Brown,4,-1
Toyota,Tundra,2015,Yellow,4,-1
Toyota,Tundra,2007,Silver,4,-1
Toyota,Tundra,2014,Black,4,-1
Toyota,Tundra,2001,Red,4,-1
Toyota,Tundra,2008,Red,4,-1
Toyota,Tundra,2008,Brown,4,-1
Toyota,Tundra,2002,Blue,4,-1
Toyota,Tundra,2007,Black,4,-1
Toyota,Tundra,2002,Silver,4,-1
Toyota,Tundra,2004,Red,4,-1
Toyota,Tundra,2009,Silver,4,-1
Toyota,Tundra,2008,Red,4,-1
Toyota,Tundra,2012,Silver,4,-1
Toyota,Tundra,2007,Blue,4,-1
Toyota,Tundra,2014,White,4,-1
Toyota,Tundra,2000,Brown,4,-1
Toyota,Tundra,2006,Green,4,-1
Toyota,Tundra,2011,Silver,4,-1
Toyota,Tundra,2005,Black,4,-1
Toyota,Tundra,2003,Black,4,-1
Toyota,Tundra,2001,Black,4,-1
Toyota,Tundra,2015,Red,4,-1
Toyota,Tacoma,2015,Red,4,-1
Toyota,Tacoma,1999,Red,4,-1
Toyota,Tacoma,2005,Yellow,4,-1
Toyota,Tacoma,2012,Silver,4,-1
Toyota,Tacoma,1999,White,4,-1
Toyota,Tacoma,2011,Red,4,-1
Toyota,Tacoma,2010,Gray,4,-1
Toyota,Tacoma,2008,Blue,4,-1
Toyota,Tacoma,2011,White,4,-1
Toyota,Tacoma,2014,Yellow,4,-1
Toyota,Tacoma,2008,Yellow,4,-1
Toyota,Tacoma,2000,Blue,4,-1
Toyota,Tacoma,2008,Black,4,-1
Toyota,Tacoma,2010,White,4,-1
Toyota,Tacoma,2006,Blue,4,-1
Toyota,Tacoma,2003,Silver,4,-1
Toyota,Tacoma,2008,Gray,4,-1
Toyota,Tacoma,2014,Red,4,-1
Toyota,Tacoma,2000,Black,4,-1
Toyota,Tacoma,2002,Yellow,4,-1
Toyota,Tacoma,2010,Blue,4,-1
Toyota,Tacoma,2003,Brown,4,-1
Toyota,Tacoma,2006,Red,4,-1
Toyota,Tacoma,2012,Black,4,-1
Toyota,Tacoma,2014,Blue,4,-1
Toyota,Tacoma,2011,White,4,-1
Toyota,Tacoma,2000,Green,4,-1
Toyota,Tacoma,2010,Red,4,-1
Toyota,Tacoma,2000,Silver,4,-1
Toyota,Tacoma,2017,Red,4,-1
Toyota,Tacoma,2004,Brown,4,-1
Toyota,Tacoma,1999,White,4,-1
Toyota,Tacoma,2002,Green,4,-1
Toyota,Tacoma,2001,Black,4,-1
Toyota,Tacoma,2001,Green,4,-1
Toyota,Tacoma,2006,Silver,4,-1
Toyota,Tacoma,2014,White,4,-1
Toyota,Tacoma,2003,White,4,-1
Toyota,Tacoma,2013,Yellow,4,-1
Toyota,Tacoma,2005,Gray,4,-1
Toyota,Tacoma,2015,Blue,4,-1
Toyota,Tacoma,2004,Silver,4,-1
Toyota,Tacoma,2002,Gray,4,-1
Toyota,Tacoma,2009,Gray,4,-1
Toyota,Tacoma,2016,Red,4,-1
Toyota,Tacoma,2001,White,4,-1
Toyota,Tacoma,2013,Gray,4,-1
Toyota,Tacoma,2017,White,4,-1
Toyota,Tacoma,2016,Silver,4,-1
Toyota,Tacoma,2006,Black,4,-1
Toyota,Tacoma,2006,Red,4,-1
Toyota,Tacoma,2004,Green,4,-1
Toyota,Tacoma,1999,Gray,4,-1
Toyota,Tacoma,2012,Brown,4,-1
Toyota,Tacoma,2014,Brown,4,-1
Toyota,Tacoma,2012,White,4,-1
Toyota,Tacoma,2004,Gray,4,-1
Toyota,Tacoma,2014,Yellow,4,-1
Toyota,Tacoma,2014,Silver,4,-1
Toyota,Tacoma,2001,Silver,4,-1
Toyota,Tacoma,2003,Silver,4,-1
Toyota,Tacoma,2006,Blue,4,-1
Toyota,Tacoma,2009,Gray,4,-1
Toyota,Tacoma,2004,Black,4,-1
Toyota,Tacoma,1999,Red,4,-1
Toyota,Tacoma,2000,White,4,-1
Toyota,Tacoma,2005,Red,4,-1
Toyota,Tacoma,2010,Yellow,4,-1
Toyota,Tacoma,2007,Yellow,4,-1
Toyota,Tacoma,2004,Brown,4,-1
Toyota,Tacoma,2003,Blue,4,-1
Toyota,Tacoma,2004,White,4,-1
Ford,F-150,2004,Blue,4,-1
Ford,F-150,2001,Silver,4,-1
Ford,F-150,2008,Gray,4,-1
Ford,F-150,2008,Brown,4,-1
Ford,F-150,2013,Red,4,-1
Ford,F-150,2008,Red,4,-1
Ford,F-150,2014,Gray,4,-1
Ford,F-150,2013,Yellow,4,-1
Ford,F-150,2002,Blue,4,-1
Ford,F-150,2001,Red,4,-1
Ford,F-150,2015,Red,4,-1
Ford,F-150,2001,Silver,4,-1
Ford,F-150,2007,Blue,4,-1
Ford,F-150,2016,Green,4,-1
Ford,F-150,2000,Yellow,4,-1
Ford,F-150,2017,Green,4,-1
Ford,F-150,2012,Gray,4,-1
Ford,F-150,2002,Green,4,-1
Ford,F-150,2003,Red,4,-1
Ford,F-150,2002,Silver,4,-1
Ford,F-150,2014,Brown,4,-1
Ford,F-150,1999,Blue,4,-1
Ford,F-150,2007,Yellow,4,-1
Ford,F-150,2015,White,4,-1
Ford,F-150,2016,Green,4,-1
Ford,F-150,2017,White,4,-1
Ford,F-150,2013,White,4,-1
Ford,F-150,2008,Silver,4,-1
Ford,F-150,2011,Black,4,-1
Ford,F-150,2005,Gray,4,-1
Ford,F-150,2016,Green,4,-1
Ford,F-150,2004,Black,4,-1
Ford,F-150,2005,Yellow,4,-1
Ford,F-150,2015,Green,4,-1
Ford,F-150,2009,Yellow,4,-1
Ford,F-150,2011,Yellow,4,-1
Ford,F-150,2003,Green,4,-1
Ford,F-150,2000,Blue,4,-1
Ford,F-150,2008,Gray,4,-1
Ford,F-150,2017,Red,4,-1
Ford,F-150,2016,Gray,4,-1
Ford,F-150,2015,Red,4,-1
Ford,F-150,2011,Gray,4,-1
Ford,F-150,2016,Silver,4,-1
Ford,F-150,2011,Silver,4,-1
Ford,F-150,1999,Yellow,4,-1
Ford,F-150,2014,Green,4,-1
Ford,F-150,2002,Black,4,-1
Ford,F-150,2016,Blue,4,-1
Ford,F-150,2006,Blue,4,-1
Ford,F-150,2011,Blue,4,-1
Ford,F-150,2002,Green,4,-1
Ford,F-150,2004,Black,4,-1
Ford,F-150,2005,Blue,4,-1
Ford,F-150,2015,Red,4,-1
Ford,F-150,2011,Silver,4,-1
Ford,F-150,2001,Gray,4,-1
Ford,F-150,1999,Green,4,-1
Ford,F-150,2006,Gray,4,-1
Ford,F-150,2012,Red,4,-1
Ford,F-150,2016,Brown,4,-1
Ford,F-150,2011,Black,4,-1
Ford,F-150,2011,Green,4,-1
Ford,F-150,2015,White,4,-1
Ford,F-150,2010,Red,4,-1
Ford,F-150,2007,Green,4,-1
Ford,F-150,2010,Red,4,-1
Ford,F-150,2017,White,4,-1
Ford,Super Duty,2013,Green,4,-1
Ford,Super Duty,2004,Green,4,-1
Ford,Super Duty,2013,Green,4,-1
Ford,Super Duty,2002,White,4,-1
Ford,Super Duty,2013,Red,4,-1
Ford,Super Duty,2005,Black,4,-1
Ford,Super Duty,2012,Black,4,-1
Ford,Super Duty,2010,Green,4,-1
Ford,Super Duty,2017,Red,4,-1
Ford,Super Duty,2015,Gray,4,-1
Ford,Super Duty,2007,Black,4,-1
Ford,Super Duty,1999,Silver,4,-1
Ford,Super Duty,2015,Yellow,4,-1
Ford,Super Duty,2013,Blue,4,-1
Ford,Super Duty,2012,Gray,4,-1
Ford,Super Duty,1999,Gray,4,-1
Ford,Super Duty,2005,Brown,4,-1
Ford,Super Duty,2007,Yellow,4,-1
Ford,Super Duty,2011,Silver,4,-1
Ford,Super Duty,2008,Red,4,-1
Ford,Super Duty,2004,Brown,4,-1
Ford,Super Duty,2015,White,4,-1
Ford,Super Duty,2007,Red,4,-1
Ford,Super Duty,2005,White,4,-1
Ford,Super Duty,2007,Silver,4,-1
Ford,Super Duty,2007,Red,4,-1
Ford,Super Duty,2009,Yellow,4,-1
Ford,Super Duty,2007,Silver,4,-1
Ford,Super Duty,2017,Yellow,4,-1
Ford,Super Duty,2010,Gray,4,-1
Ford,Super Duty,2009,White,4,-1
Ford,Super Duty,2002,Yellow,4,-1
Ford,Super Duty,2002,Red,4,-1
Ford,Super Duty,2013,Gray,4,-1
Ford,Super Duty,2014,Brown,4,-1
Ford,Super Duty,2010,Green,4,-1
Ford,Super Duty,2013,Blue,4,-1
Ford,Super Duty,2015,Brown,4,-1
Ford,Super Duty,2001,Blue,4,-1
Ford,Super Duty,2009,Brown,4,-1
Ford,Super Duty,2004,Green,4,-1
Ford,Super Duty,1999,Black,4,-1
Ford,Super Duty,2005,White,4,-1
Ford,Super Duty,2004,Blue,4,-1
Ford,Super Duty,2015,Green,4,-1
Ford,Super Duty,2015,Red,4,-1
Ford,Super Duty,2010,Brown,4,-1
Ford,Super Duty,2015,White,4,-1
Ford,Super Duty,2005,Gray,4,-1
Ford,Super Duty,1999,White,4,-1
Ford,Super Duty,2001,Green,4,-1
Ford,Super Duty,2003,Blue,4,-1
Ford,Super Duty,2008,Silver,4,-1
Ford,Super Duty,2004,Blue,4,-1
Ford,Super Duty,2014,White,4,-1
Ford,Super Duty,2011,Gray,4,-1
Ford,Super Duty,2017,Green,4,-1
Ford,Super Duty,2010,Green,4,-1
Ford,Super Duty,2017,Blue,4,-1
Ford,Super Duty,2015,Silver,4,-1
Ford,Super Duty,2002,Yellow,4,-1
Ford,Super Duty,2015,Gray,4,-1
Ford,Super Duty,2004,Red,4,-1
Ford,Super Duty,2002,Green,4,-1
Ford,Raptor,2005,Brown,4,-1
Ford,Raptor,2014,Brown,4,-1
Ford,Raptor,2017,Black,4,-1
Ford,Raptor,2001,Blue,4,-1
Ford,Raptor,2005,Yellow,4,-1
Ford,Raptor,2010,Yellow,4,-1
Ford,Raptor,2009,Brown,4,-1
Ford,Raptor,2007,White,4,-1
Ford,Raptor,2001,Black,4,-1
Ford,Raptor,2006,Yellow,4,-1
Ford,Raptor,2008,White,4,-1
Ford,Raptor,2000,Silver,4,-1
Ford,Raptor,2001,Brown,4,-1
Ford,Raptor,1999,Green,4,-1
Ford,Raptor,2004,Black,4,-1
Ford,Raptor,2010,White,4,-1
Ford,Raptor,2015,Gray,4,-1
Ford,Raptor,2011,Red,4,-1
Ford,Raptor,2017,Yellow,4,-1
Ford,Raptor,2015,Silver,4,-1
Ford,Raptor,2015,White,4,-1
Ford,Raptor,2002,Gray,4,-1
Ford,Raptor,2014,Gray,4,-1
Ford,Raptor,2016,Black,4,-1
Ford,Raptor,2008,Red,4,-1
Ford,Raptor,2010,Green,4,-1
Ford,Raptor,2007,Yellow,4,-1
Ford,Raptor,2006,Yellow,4,-1
Ford,Raptor,2008,Gray,4,-1
Ford,Raptor,2016,Red,4,-1
Ford,Raptor,2004,Blue,4,-1
Ford,Raptor,2003,Brown,4,-1
Ford,Raptor,2006,Green,4,-1
Ford,Raptor,2010,Yellow,4,-1
Ford,Raptor,2014,Green,4,-1
Ford,Raptor,2007,Green,4,-1
Ford,Raptor,2016,White,4,-1
Ford,Raptor,2014,Red,4,-1
Ford,Raptor,2002,Green,4,-1
Ford,Raptor,2003,Yellow,4,-1
Ford,Raptor,2005,Blue,4,-1
Ford,Raptor,2002,Black,4,-1
Ford,Raptor,2011,Yellow,4,-1
Ford,Raptor,2005,Yellow,4,-1
Ford,Raptor,2004,Red,4,-1
Ford,Raptor,2002,Black,4,-1
Ford,Raptor,2015,Gray,4,-1
Ford,Raptor,2012,Blue,4,-1
Ford,Raptor,2013,Green,4,-1
Ford,Raptor,2004,Red,4,-1
Ford,Raptor,2003,Brown,4,-1
Ford,Raptor,2015,Blue,4,-1
Ford,Raptor,2016,Yellow,4,-1
Ford,Raptor,2011,Black,4,-1
Ford,Raptor,2009,Red,4,-1
Ford,Raptor,2010,Red,4,-1
Ford,Raptor,2004,White,4,-1
Ford,Raptor,1999,Yellow,4,-1
Ford,Raptor,2000,Brown,4,-1
Ford,Raptor,2001,Red,4,-1
Ford,Raptor,2003,Red,4,-1
Ford,Raptor,2005,Green,4,-1
Ford,Raptor,2001,Red,4,-1
Ford,Raptor,1999,Green,4,-1
Ford,Raptor,2012,Brown,4,-1
Ford,Raptor,2000,Red,4,-1
Ford,Raptor,2011,Black,4,-1
Ford,Raptor,2014,White,4,-1
Ford,Raptor,2011,Blue,4,-1
Ford,Raptor,2011,Black,4,-1
Ford,Raptor,2008,Blue,4,-1
Ford,Raptor,2010,White,4,-1
Ford,Raptor,2003,Green,4,-1
Ford,Raptor,2006,Blue,4,-1
Ford,Raptor,2015,Yellow,4,-1
Ford,Raptor,2004,Silver,4,-1
Ford,Raptor,2008,White,4,-1
Ford,Raptor,2012,White,4,-1
Ford,Raptor,2017,White,4,-1
Ford,Raptor,2011,Brown,4,-1
Ford,Raptor,2015,Brown,4,-1
Ford,Raptor,2000,White,4,-1
Ford,Raptor,2010,Green,4,-1
Ford,Raptor,2005,Silver,4,-1
Ford,Raptor,2007,Green,4,-1
Ford,Raptor,2001,Green,4,-1
Ford,Raptor,2000,Yellow,4,-1
Ford,Raptor,2013,Brown,4,-1
Ford,Raptor,2012,Black,4,-1
Ford,Raptor,2015,White,4,-1
Ford,Raptor,2016,Black,4,-1
Ford,Raptor,2000,White,4,-1
Ford,Raptor,2015,White,4,-1
Ford,Raptor,2013,Yellow,4,-1
Ford,Raptor,2009,Blue,4,-1
Ford,Raptor,2002,White,4,-1
Ford,Raptor,2000,White,4,-1
Ford,Raptor,2014,Yellow,4,-1
Ford,Raptor,2000,Red,4,-1
Ford,Raptor,2005,Gray,4,-1
Chevrolet,Colorado,2001,Silver,4,-1
Chevrolet,Colorado,2002,Brown,4,-1
Chevrolet,Colorado,2004,Green,4,-1
Chevrolet,Colorado,2008,Yellow,4,-1
Chevrolet,Colorado,2014,Gray,4,-1
Chevrolet,Colorado,2002,Red,4,-1
Chevrolet,Colorado,2014,Black,4,-1
Chevrolet,Colorado,2010,Green,4,-1
Chevrolet,Colorado,2009,Red,4,-1
Chevrolet,Colorado,2007,Silver,4,-1
Chevrolet,Colorado,2004,Blue,4,-1
Chevrolet,Colorado,2002,White,4,-1
Chevrolet,Colorado,2015,Brown,4,-1
Chevrolet,Colorado,2017,White,4,-1
Chevrolet,Colorado,2007,Silver,4,-1
Chevrolet,Colorado,2014,Green,4,-1
Chevrolet,Colorado,2015,Blue,4,-1
Chevrolet,Colorado,2012,Silver,4,-1
Chevrolet,Colorado,2008,Yellow,4,-1
Chevrolet,Colorado,2003,Blue,4,-1
Chevrolet,Colorado,2007,Black,4,-1
Chevrolet,Colorado,2013,Green,4,-1
Chevrolet,Colorado,2008,Green,4,-1
Chevrolet,Colorado,2009,Black,4,-1
Chevrolet,Colorado,2015,Green,4,-1
Chevrolet,Colorado,2006,Silver,4,-1
Chevrolet,Colorado,2006,White,4,-1
Chevrolet,Colorado,2000,Green,4,-1
Chevrolet,Colorado,2001,Gray,4,-1
Chevrolet,Colorado,2007,Blue,4,-1
Chevrolet,Colorado,2015,Red,4,-1
Chevrolet,Colorado,2015,Blue,4,-1
Chevrolet,Colorado,2008,Red,4,-1
Chevrolet,Colorado,2006,Brown,4,-1
Chevrolet,Colorado,2004,Green,4,-1
Chevrolet,Colorado,2004,Yellow,4,-1
Chevrolet,Colorado,2000,Gray,4,-1
Chevrolet,Colorado,2001,White,4,-1
Chevrolet,Colorado,2007,Black,4,-1
Chevrolet,Colorado,2003,White,4,-1
Chevrolet,Colorado,2017,Blue,4,-1
Chevrolet,Colorado,2003,Gray,4,-1
Chevrolet,Colorado,2007,Green,4,-1
Chevrolet,Colorado,1999,White,4,-1
Chevrolet,Colorado,2012,Brown,4,-1
Chevrolet,Colorado,2010,Brown,4,-1
Chevrolet,Colorado,2015,Blue,4,-1
Chevrolet,Colorado,2004,Blue,4,-1
Chevrolet,Colorado,2010,White,4,-1
Chevrolet,Colorado,2013,Green,4,-1
Chevrolet,Colorado,2013,Gray,4,-1
Chevrolet,Colorado,1999,Black,4,-1
Chevrolet,Colorado,2013,White,4,-1
Chevrolet,Colorado,2008,Silver,4,-1
Chevrolet,Colorado,2006,Gray,4,-1
Chevrolet,Colorado,2017,Silver,4,-1
Chevrolet,Colorado,2012,Black,4,-1
Chevrolet,Colorado,2015,Green,4,-1
Chevrolet,Colorado,2006,Yellow,4,-1
Chevrolet,Colorado,2008,Gray,4,-1
Chevrolet,Colorado,2001,Brown,4,-1
Chevrolet,Colorado,2013,Blue,4,-1
Chevrolet,Colorado,2008,Gray,4,-1
Chevrolet,Colorado,2010,Red,4,-1
Chevrolet,Colorado,2009,Green,4,-1
Chevrolet,Colorado,2009,Blue,4,-1
Chevrolet,Colorado,2017,Green,4,-1
Chevrolet,Colorado,2015,Green,4,-1
Chevrolet,Colorado,2010,Brown,4,-1
Chevrolet,Colorado,2013,Black,4,-1
Chevrolet,Colorado,2002,Black,4,-1
Chevrolet,Colorado,2007,Gray,4,-1
Chevrolet,Colorado,1999,Yellow,4,-1
Chevrolet,Colorado,1999,Blue,4,-1
Chevrolet,Colorado,2015,Black,4,-1
Chevrolet,Colorado,2004,Red,4,-1
Chevrolet,Colorado,2004,Gray,4,-1
Chevrolet,Colorado,2014,Gray,4,-1
Chevrolet,Colorado,2007,Red,4,-1
Chevrolet,Colorado,2012,Red,4,-1
Chevrolet,Colorado,2013,Yellow,4,-1
Chevrolet,Colorado,2003,Green,4,-1
Chevrolet,Colorado,2009,Red,4,-1
Chevrolet,Colorado,2000,Blue,4,-1
Chevrolet,Colorado,2004,Brown,4,-1
Chevrolet,Colorado,2001,Red,4,-1
Chevrolet,Colorado,2017,Blue,4,-1
Chevrolet,Colorado,2010,White,4,-1
Chevrolet,Colorado,2014,Yellow,4,-1
Chevrolet,Colorado,2008,Green,4,-1
Chevrolet,Colorado,2001,White,4,-1
Chevrolet,Colorado,1999,Green,4,-1
Chevrolet,Colorado,2000,Yellow,4,-1
Chevrolet,Silverado,2000,Brown,4,-1
Chevrolet,Silverado,2005,Yellow,4,-1
Chevrolet,Silverado,2013,Silver,4,-1
Chevrolet,Silverado,2013,Red,4,-1
Chevrolet,Silverado,2012,Red,4,-1
Chevrolet,Silverado,2009,Silver,4,-1
Chevrolet,Silverado,2000,Yellow,4,-1
Chevrolet,Silverado,2000,Yellow,4,-1
Chevrolet,Silverado,2005,Red,4,-1
Chevrolet,Silverado,2015,Red,4,-1
Chevrolet,Silverado,2011,White,4,-1
Chevrolet,Silverado,2005,White,4,-1
Chevrolet,Silverado,2006,Red,4,-1
Chevrolet,Silverado,2011,Blue,4,-1
Chevrolet,Silverado,2001,Blue,4,-1
Chevrolet,Silverado,2008,Gray,4,-1
Chevrolet,Silverado,2013,Silver,4,-1
Chevrolet,Silverado,2010,White,4,-1
Chevrolet,Silverado,2008,Brown,4,-1
Chevrolet,Silverado,2016,Silver,4,-1
Chevrolet,Silverado,2003,Yellow,4,-1
Chevrolet,Silverado,2014,Yellow,4,-1
Chevrolet,Silverado,2001,Red,4,-1
Chevrolet,Silverado,2016,White,4,-1
Chevrolet,Silverado,2011,Red,4,-1
Chevrolet,Silverado,2001,Blue,4,-1
Chevrolet,Silverado,2008,White,4,-1
Chevrolet,Silverado,2002,Red,4,-1
Chevrolet,Silverado,2003,Red,4,-1
Chevrolet,Silverado,2004,Black,4,-1
Chevrolet,Silverado,2003,Silver,4,-1
Chevrolet,Silverado,2014,Yellow,4,-1
Chevrolet,Silverado,2014,Gray,4,-1
Chevrolet,Silverado,2002,Green,4,-1
Chevrolet,Silverado,2010,Green,4,-1
Chevrolet,Silverado,2002,Yellow,4,-1
Chevrolet,Silverado,2000,Yellow,4,-1
Chevrolet,Silverado,2007,Yellow,4,-1
Chevrolet,Silverado,2004,Yellow,4,-1
Chevrolet,Silverado,1999,Yellow,4,-1
Chevrolet,Silverado,2016,Black,4,-1
Chevrolet,Silverado,2012,Green,4,-1
Chevrolet,Silverado,2009,Silver,4,-1
Chevrolet,Silverado,2002,Yellow,4,-1
Chevrolet,Silverado,2005,Yellow,4,-1
Chevrolet,Silverado,2014,Gray,4,-1
Chevrolet,Silverado,2005,Green,4,-1
Chevrolet,Silverado,2002,Brown,4,-1
Chevrolet,Silverado,2016,Gray,4,-1
Chevrolet,Silverado,2017,Green,4,-1
Chevrolet,Silverado,2011,Silver,4,-1
Chevrolet,Silverado,2017,Yellow,4,-1
Chevrolet,Silverado,2014,Green,4,-1
Chevrolet,Silverado,2008,Gray,4,-1
Chevrolet,Silverado,2006,White,4,-1
Chevrolet,Silverado,2007,Gray,4,-1
Chevrolet,Silverado,1999,Silver,4,-1
Chevrolet,Silverado,2017,White,4,-1
Chevrolet,Silverado,2004,Silver,4,-1
Chevrolet,Silverado,2002,White,4,-1
Chevrolet,Silverado,2001,Silver,4,-1
Chevrolet,Silverado,2000,Silver,4,-1
Chevrolet,Silverado,2013,Blue,4,-1
Chevrolet,Silverado,2005,Green,4,-1
Chevrolet,Silverado,2002,White,4,-1
Chevrolet,Silverado,2009,Gray,4,-1
Chevrolet,Silverado,2006,Yellow,4,-1
Chevrolet,Silverado,2004,Gray,4,-1
Chevrolet,Silverado,2017,Black,4,-1
Honda,Ridgeline,2008,Red,4,-1
Honda,Ridgeline,2002,Yellow,4,-1
Honda,Ridgeline,2007,Gray,4,-1
Honda,Ridgeline,2008,White,4,-1
Honda,Ridgeline,2007,Black,4,-1
Honda,Ridgeline,2003,Blue,4,-1
Honda,Ridgeline,2009,Gray,4,-1
Honda,Ridgeline,2000,Brown,4,-1
Honda,Ridgeline,2010,Black,4,-1
Honda,Ridgeline,2015,Green,4,-1
Honda,Ridgeline,2004,Green,4,-1
Honda,Ridgeline,2001,Black,4,-1
Honda,Ridgeline,2010,Gray,4,-1
Honda,Ridgeline,2003,Yellow,4,-1
Honda,Ridgeline,2006,Silver,4,-1
Honda,Ridgeline,2013,Red,4,-1
Honda,Ridgeline,2017,Silver,4,-1
Honda,Ridgeline,2006,Green,4,-1
Honda,Ridgeline,2005,Green,4,-1
Honda,Ridgeline,2013,Yellow,4,-1
Honda,Ridgeline,1999,Brown,4,-1
Honda,Ridgeline,2003,Green,4,-1
Honda,Ridgeline,2005,Blue,4,-1
Honda,Ridgeline,2017,Gray,4,-1
Honda,Ridgeline,2013,Brown,4,-1
Honda,Ridgeline,2010,Blue,4,-1
Honda,Ridgeline,2017,White,4,-1
Honda,Ridgeline,2014,Gray,4,-1
Honda,Ridgeline,2014,Silver,4,-1
